firm_id,firm_name,sector,region,year,total_assets,current_assets,current_liabilities,retained_earnings,ebit,total_debt,revenue,market_cap,ticker,year_listed,X1,X2,X3,X4,X5,zscore,zscore_zone,in_distress,in_grey,in_safe,log_assets,leverage,liquidity,roa,revenue_growth,zscore_lag1,carbon_cost_low_kMAD,carbon_cost_mid_kMAD,carbon_cost_high_kMAD,carbon_burden_low,carbon_burden_mid,carbon_burden_high,zscore_carbon_low,zscore_carbon_mid,zscore_carbon_high,distress_carbon_low,distress_carbon_mid,distress_carbon_high,spei12_mean,spei12_min,drought_months,severe_drought_months,drought_year,moderate_drought,severe_drought_year,spei_decile
MAR001,Cosumar,Agro-alimentaire & Boissons,Casablanca-Settat,2019,10995.5,8796.4,13194.6,4417999914.071,1455.3,9895.95,8211.5,10.0,CSR,2000,-0.3999999999999999,2.0,0.1323541448774498,0.0010105144023565,0.7468055113455504,3.504180498082549,Safe,0,0,1,9.305241377170905,0.9,0.6666666666666667,0.1323541448774498,,,225.6109625,451.221925,676.8328875,0.027475,0.05495,0.082425,3.413512998082549,3.322845498082549,3.2321779980825487,0,0,0,-0.057,-0.884,2,1,0,0,0,7
MAR001,Cosumar,Agro-alimentaire & Boissons,Casablanca-Settat,2020,11540.8,9232.64,13848.96,2019.0,1414.5,10386.72,8630.2,10.0,CSR,2000,-0.4,0.1749445445723,0.1225651601275474,0.0009627678420136,0.7477991127131569,0.9177641642404918,Distress,1,0,0,9.353643861749408,0.9,0.6666666666666666,0.1225651601275474,0.0509894659928149,3.504180498082549,237.11474500000003,474.22949000000006,711.344235,0.027475,0.05495,0.082425,0.8270966642404918,0.7364291642404918,0.6457616642404918,1,1,1,0.283,-0.132,0,0,0,0,0,8
MAR001,Cosumar,Agro-alimentaire & Boissons,Casablanca-Settat,2021,12155.3,9724.24,14586.36,232.729,1408.1,10939.77,11.0,10.0,CSR,2000,-0.4000000000000001,0.0191462983225424,0.1158424720080952,0.0009140960001901,0.0009049550401882,-0.0694616120814241,Distress,1,0,0,9.4055205676468,0.9000000000000001,0.6666666666666666,0.1158424720080952,-0.5,0.9177641642404918,0.3022249999999999,0.6044499999999999,0.906675,0.0274749999999999,0.0549499999999999,0.082425,-0.160129112081424,-0.250796612081424,-0.3414641120814241,1,1,1,-0.975,-1.804,5,0,0,1,0,3
MAR001,Cosumar,Agro-alimentaire & Boissons,Casablanca-Settat,2022,11.986,9.5888,14.383200000000002,9293.6,951.7,10.787400000000002,10432.9,10.0,CSR,2000,-0.4000000000000001,2.0,2.0,0.9270074345996252,5.0,14.476204460759774,Safe,0,0,1,2.483739302035993,0.9000000000000001,0.6666666666666666,1.0,1.0,-0.0694616120814241,286.6439275,573.2878549999999,859.9317824999999,0.0274749999999999,0.0549499999999999,0.082425,14.385536960759774,14.294869460759774,14.204201960759775,0,0,0,-1.207,-2.073,4,2,1,1,0,2
MAR001,Cosumar,Agro-alimentaire & Boissons,Casablanca-Settat,2023,14387.9,11510.32,17265.48,10233.1,1374.7,12949.11,584.0,10.0,CSR,2000,-0.4,0.7112295748510902,0.0955455625907881,0.0007722538460172,0.0405896621466649,0.872074775795402,Distress,1,0,0,9.574142854555053,0.9,0.6666666666666666,0.0955455625907881,-0.5,14.476204460759774,16.0454,32.0908,48.1362,0.027475,0.05495,0.082425,0.781407275795402,0.690739775795402,0.600072275795402,1,1,1,-1.624,-2.126,6,3,1,1,1,1
MAR001,Cosumar,Agro-alimentaire & Boissons,Casablanca-Settat,2024,12589.0,10071.2,15106.8,194245137.05,65.8,11330.1,355.56,10.0,CSR,2000,-0.4,2.0,0.0052267852887441,0.0008826047431178,0.0282437048216697,2.366021659120396,Grey,0,1,0,9.44057869576626,0.9,0.6666666666666666,0.0052267852887441,-0.3911643835616438,0.872074775795402,9.769011,19.538022,29.307033,0.0274749999999999,0.0549499999999999,0.082425,2.275354159120396,2.184686659120396,2.094019159120396,0,0,0,-0.368,-1.164,1,1,0,0,0,6
MAR002,Lesieur Cristal,Agro-alimentaire & Boissons,Casablanca-Settat,2019,1615334252.95,1292267402.36,1466421182.08,855643150.21,698.15,14632897.95,11.0,4072509419.2,LES,2000,-0.1078128439373782,0.5297003692253687,4.322015698763309e-07,10.0,6.809736114931803e-09,6.612206537265579,Safe,0,0,1,21.20280773997705,0.0090587430578387,0.8812389088154218,4.322015698763309e-07,,,0.3022249999999999,0.6044499999999999,0.906675,0.0274749999999999,0.0549499999999999,0.082425,6.521539037265579,6.430871537265579,6.340204037265579,0,0,0,-0.057,-0.884,2,1,0,0,0,7
MAR002,Lesieur Cristal,Agro-alimentaire & Boissons,Casablanca-Settat,2020,244259.0,195407.2,293110.80000000005,772748620.21,742.25,219833.1,11.0,10.0,LES,2000,-0.4000000000000001,2.0,0.0030387826037116,4.548905510589624e-05,4.503416455483728e-05,2.3301003101898665,Grey,0,1,0,12.4059844167185,0.9,0.6666666666666666,0.0030387826037116,0.0,6.612206537265579,0.3022249999999999,0.6044499999999999,0.906675,0.0274749999999999,0.0549499999999999,0.082425,2.2394328101898666,2.1487653101898667,2.0580978101898664,0,0,0,0.283,-0.132,0,0,0,0,0,8
MAR002,Lesieur Cristal,Agro-alimentaire & Boissons,Casablanca-Settat,2021,52653966.0,42123172.8,63184759.2,827623799.7,263163761.31,47388569.4,11.0,10.0,LES,2000,-0.3999999999999999,2.0,2.0,2.110213523348101e-07,2.08911138811462e-07,8.92000033552395,Safe,0,0,1,17.7792521213426,0.9,0.6666666666666666,1.0,0.0,2.3301003101898665,0.3022249999999999,0.6044499999999999,0.906675,0.0274749999999999,0.0549499999999999,0.082425,8.82933283552395,8.73866533552395,8.64799783552395,0,0,0,-0.975,-1.804,5,0,0,1,0,3
MAR002,Lesieur Cristal,Agro-alimentaire & Boissons,Casablanca-Settat,2022,67405265.0,53924212.0,80886318.0,422907256.64,309463.0,60664738.5,48636897.0,10.0,LES,2000,-0.4,2.0,0.0045910805335458,1.6484040395228938e-07,0.7215593173619301,3.0567099820268737,Safe,0,0,1,18.026233688558666,0.9,0.6666666666666666,0.0045910805335458,1.0,8.92000033552395,1336298.745075,2672597.49015,4008896.235225,0.027475,0.05495,0.082425,2.966042482026874,2.875374982026874,2.7847074820268736,0,0,0,-1.207,-2.073,4,2,1,1,0,2
MAR002,Lesieur Cristal,Agro-alimentaire & Boissons,Casablanca-Settat,2023,52406740.0,41925392.0,62888088.0,515681484.48,46374.0,47166066.0,584.0,10.0,LES,2000,-0.4,2.0,0.0008848861806706,2.1201683430625738e-07,1.1143604811136887e-05,2.322931395211125,Grey,0,1,0,17.774545766973862,0.9,0.6666666666666666,0.0008848861806706,-0.5,3.0567099820268737,16.0454,32.0908,48.1362,0.027475,0.05495,0.082425,2.232263895211125,2.141596395211125,2.0509288952111246,0,0,0,-1.624,-2.126,6,3,1,1,1,1
MAR002,Lesieur Cristal,Agro-alimentaire & Boissons,Casablanca-Settat,2024,53145240.0,42516192.0,63774288.0,469291038.68,25650413.0,47830716.0,23.9,10.0,LES,2000,-0.4,2.0,0.4826474205403908,2.090706733305017e-07,4.497110183339091e-07,3.912737062936712,Safe,0,0,1,17.78853910088656,0.9,0.6666666666666666,0.4826474205403908,-0.5,2.322931395211125,0.6566525,1.313305,1.9699575,0.027475,0.05495,0.082425,3.822069562936712,3.731402062936712,3.640734562936712,0,0,0,-0.368,-1.164,1,1,0,0,0,6
MAR003,Centrale Danone,Agro-alimentaire & Boissons,Casablanca-Settat,2019,32923258.0,26338606.4,39507909.6,537380591.0,-59.0,29630932.2,8211.5,10.0,CDM,2000,-0.3999999999999998,2.0,-1.7920462185121533e-06,3.374851635616108e-07,0.0002494133478527,2.320243702086429,Grey,0,1,0,17.309689896069408,0.9,0.6666666666666667,-1.7920462185121533e-06,,,225.6109625,451.221925,676.8328875,0.027475,0.05495,0.082425,2.229576202086429,2.138908702086429,2.048241202086429,0,0,0,-0.057,-0.884,2,1,0,0,0,7
MAR003,Centrale Danone,Agro-alimentaire & Boissons,Casablanca-Settat,2020,32273292.0,25818633.6,38727950.400000006,537380591.0,70.0,29045962.8,4320.6,10.0,CDM,2000,-0.4000000000000001,2.0,2.1689761304796548e-06,3.442819254729611e-07,0.0001338754038478,2.3201412395942334,Grey,0,1,0,17.289750573079772,0.9,0.6666666666666666,2.1689761304796548e-06,-0.4738354746392255,2.320243702086429,118.708485,237.41697,356.12545500000004,0.027475,0.05495,0.082425,2.229473739594233,2.138806239594233,2.048138739594233,0,0,0,0.283,-0.132,0,0,0,0,0,8
MAR005,Dari Couspate,Agro-alimentaire & Boissons,Casablanca-Settat,2019,16258775.5,13007020.4,19510530.6,195644283.16,698.15,14632897.95,630191307.07,10.0,DAR,2004,-0.4000000000000001,2.0,4.293988806229596e-05,6.833916312523727e-07,5.0,7.320142111665584,Safe,0,0,1,16.604143351745112,0.8999999999999999,0.6666666666666666,4.293988806229596e-05,,,17314506.161748253,34629012.323496506,51943518.48524475,0.027475,0.05495,0.082425,7.229474611665584,7.138807111665584,7.048139611665584,0,0,0,-0.057,-0.884,2,1,0,0,0,7
MAR009,LafargeHolcim Maroc,Materiaux de construction,Casablanca-Settat,2019,1610081141.84,580746092.6,871119138.9000001,171127880.06,7953481969.0,1449073027.656,1165979450.0,10.0,LHM,2000,-0.180346840140095,0.1062852520988073,2.0,6.9009634498379e-09,0.7241743410940887,7.256557490004882,Safe,0,0,1,21.1995504133312,0.9,0.6666666666666666,1.0,,,146855111.72750002,293710223.45500004,440565335.1825,0.12595,0.2519,0.37785,6.840922490004882,6.425287490004882,6.009652490004882,0,0,0,-0.057,-0.884,2,1,0,0,0,7
MAR009,LafargeHolcim Maroc,Materiaux de construction,Casablanca-Settat,2021,10266659494.89,719789425.95,7566023.95,1039409693.32,30763496.0,9239993545.401,1165979450.0,10.0,LHM,2000,0.0693724577458221,0.1012412746168647,0.0029964465087511,1.0822518382577527e-09,0.1135695062819936,0.3484425141688207,Distress,1,0,0,23.05216753970791,0.8999999999999999,10.0,0.0029964465087511,0.0,7.256557490004882,146855111.72750002,293710223.45500004,440565335.1825,0.12595,0.2519,0.37785,-0.0671924858311792,-0.4828274858311792,-0.8984624858311792,1,1,1,-0.975,-1.804,5,0,0,1,0,3
MAR009,LafargeHolcim Maroc,Materiaux de construction,Casablanca-Settat,2022,1235.2,988.16,1482.2400000000002,1492713561.24,34962696.0,1111.68,1539092874.0,10.0,LHM,2000,-0.4000000000000001,2.0,2.0,0.0089953943580886,5.0,13.925397236614852,Safe,0,0,1,7.118988179270512,0.9,0.6666666666666666,1.0,0.32,0.3484425141688207,193848747.4803,387697494.9606,581546242.4409001,0.12595,0.2519,0.3778500000000001,13.509762236614852,13.094127236614852,12.678492236614852,0,0,0,-1.207,-2.073,4,2,1,1,0,2
MAR009,LafargeHolcim Maroc,Materiaux de construction,Casablanca-Settat,2023,5.0,4.0,6.0,1281091945.06,26962978.0,4.5,1539092874.0,10.0,LHM,2000,-0.4,2.0,2.0,2.2222222222222223,5.0,15.253333333333334,Safe,0,0,1,1.6094379124341005,0.9,0.6666666666666666,1.0,0.0,13.925397236614852,193848747.4803,387697494.9606,581546242.4409001,0.12595,0.2519,0.3778500000000001,14.837698333333334,14.422063333333334,14.006428333333334,0,0,0,-1.624,-2.126,6,3,1,1,1,1
MAR009,LafargeHolcim Maroc,Materiaux de construction,Casablanca-Settat,2024,10118732661.32,649727311.2,6520716.15,1155115718.75,29783294.0,9106859395.188,1005714374.85,10.0,LHM,2000,0.0635659243680515,0.1141561653432707,0.0029433818440376,1.0980733934778802e-09,0.0993913376814921,0.3452022391479012,Distress,1,0,0,23.0376542618688,0.9,10.0,0.0029433818440376,-0.3465538098190168,15.253333333333334,126669725.5123575,253339451.024715,380009176.5370725,0.12595,0.2519,0.37785,-0.0704327608520987,-0.4860677608520987,-0.9017027608520988,1,1,1,-0.368,-1.164,1,1,0,0,0,6
MAR010,Ciments du Maroc,Materiaux de construction,Souss-Massa,2019,61618086425616.0,843481703.19,988060821.84,36243490.0,39112183750256.0,9900132800.21,22505902675360.0,123216372585631.58,CMA,2000,-2.3463746934844e-06,5.881956435591739e-07,0.634751677942342,10.0,0.365248322057658,8.459926867091655,Safe,0,0,1,31.75197655417826,0.0001606692673288,0.8536738675856412,0.634751677942342,,,2834618441961.5923,5669236883923.185,8503855325884.776,0.12595,0.2519,0.37785,8.044291867091655,7.628656867091655,7.213021867091655,0,0,0,-0.755,-1.228,4,0,0,1,0,4
MAR010,Ciments du Maroc,Materiaux de construction,Souss-Massa,2021,57527752548170.336,897987918.8,1163126902.15,244642298.92,132270026871.0,10599209897.91,3624858777.1,10.0,CMA,2000,-4.608888260113907e-06,4.252596148531111e-06,0.0022992385589936,9.434665504616381e-10,6.30106099497761e-05,0.0076509213894046,Distress,1,0,0,31.68328860030401,0.0001842451587003,0.772046383881329,0.0022992385589936,-0.5,8.459926867091655,456550962.975745,913101925.95149,1369652888.9272351,0.12595,0.2519,0.37785,-0.4079840786105954,-0.8236190786105954,-1.2392540786105952,1,1,1,-1.714,-2.031,5,3,1,1,1,1
MAR010,Ciments du Maroc,Materiaux de construction,Souss-Massa,2022,53437418670724.66,1043186926.8,908156626.74,385952755.96,162.793,10848986542.62,3334721186.38,161.116,CMA,2000,2.526886653938908e-06,7.22251870619345e-06,3.046423349958427e-12,1.485078807749087e-08,6.240423413653597e-05,7.555694483597704e-05,Distress,1,0,0,31.609532340673017,0.0002030222793782,1.1486861363823515,3.046423349958427e-12,-0.0800410743041744,0.0076509213894046,420008133.424561,840016266.849122,1260024400.273683,0.12595,0.2519,0.37785,-0.415559443055164,-0.831194443055164,-1.246829443055164,1,1,1,-2.421,-2.924,10,4,1,1,1,1
MAR010,Ciments du Maroc,Materiaux de construction,Souss-Massa,2023,49347084793279.0,926478162.66,914912251.34,385952755.96,12471195.0,202541020.65,37583622.0,98693764504516.7,CMA,2000,2.343788162654584e-07,7.82118655188657e-06,2.5272404747399706e-07,10.0,7.616178778836158e-07,6.000012826522987,Safe,0,0,1,31.529899807991868,4.1044171403127305e-06,1.012641552567539,2.5272404747399706e-07,-0.5,7.555694483597704e-05,4733657.1909,9467314.3818,14200971.5727,0.12595,0.2519,0.37785,5.584377826522987,5.168742826522987,4.753107826522987,0,0,0,-1.884,-2.385,7,2,1,1,1,1
MAR010,Ciments du Maroc,Materiaux de construction,Souss-Massa,2024,50696864934708.0,951145774.19,1110652322.68,357080780.0,13811245.0,232596377.81,39013758.0,101393264676660.38,CMA,2000,-3.1462803211880446e-06,7.043448948172256e-06,2.724279897344218e-07,10.0,7.695497157515645e-07,6.000007753854224,Safe,0,0,1,31.556885189006447,4.587983460309797e-06,0.8563848062685258,2.724279897344218e-07,0.0380521068459021,6.000012826522987,4913782.8201,9827565.6402,14741348.4603,0.12595,0.2519,0.37785,5.584372753854224,5.168737753854224,4.753102753854224,0,0,0,-1.098,-1.811,3,1,1,1,0,3
MAR011,SONASID,Materiaux de construction,Rabat-Sale-Kenitra,2019,35343763931698.0,1049954517.44,1055806870.22,845654313.94,20192018.0,4186369014.4,3622.1,70679155125367.2,SID,2000,-1.655837445980477e-07,2.3926549406968404e-05,5.713035555302253e-07,10.0,1.0248201088598618e-10,6.000035183872891,Safe,0,0,1,31.196143083422,0.0001184471756457,0.9944569855102569,5.713035555302253e-07,,,456.203495,912.40699,1368.610485,0.12595,0.2519,0.3778499999999999,5.584400183872891,5.168765183872891,4.753130183872891,0,0,0,-0.23,-0.916,2,0,0,0,0,6
MAR011,SONASID,Materiaux de construction,Rabat-Sale-Kenitra,2020,8766950846820.0,52.378,78.56700000000001,8407781.0,289.0,365.411,224309.0,3309.178,SID,2000,-2.987241568657755e-12,9.590313835339593e-07,3.2964710884038746e-11,9.05604374252554,2.5585748559473524e-08,5.433627613850208,Safe,0,0,1,29.802010181905843,4.168051200293247e-11,0.6666666666666666,3.2964710884038746e-11,1.0,6.000035183872891,28251.71855,56503.4371,84755.15565,0.12595,0.2519,0.37785,5.017992613850208,4.6023576138502085,4.1867226138502085,0,0,0,0.484,-0.344,2,1,0,0,0,9
MAR011,SONASID,Materiaux de construction,Rabat-Sale-Kenitra,2021,2538.0,2030.4,3045.6000000000004,149677534.84,166.734,2284.2000000000003,1823289.92,10.0,SID,2000,-0.4000000000000001,2.0,0.0656950354609929,0.0043779003589878,5.0,7.539420357236669,Safe,0,0,1,7.839131648274333,0.9000000000000001,0.6666666666666666,0.0656950354609929,1.0,5.433627613850208,229643.365424,459286.730848,688930.096272,0.12595,0.2519,0.37785,7.123785357236669,6.708150357236669,6.292515357236669,0,0,0,-0.682,-1.328,4,0,0,1,0,4
MAR011,SONASID,Materiaux de construction,Rabat-Sale-Kenitra,2022,580.636,408.384,78.214,2245237.09,162.793,424.52,823.289,312.232,SID,2000,0.5686350829090859,2.0,0.2803701458400788,0.7354942052200133,1.4179089825639473,6.266789086459118,Safe,0,0,1,6.364124054490907,0.731129313373611,5.221367018692306,0.2803701458400788,-0.5,7.539420357236669,103.69324955,207.3864991,311.07974865,0.12595,0.2519,0.37785,5.851154086459118,5.435519086459118,5.019884086459118,0,0,0,-1.828,-2.415,5,3,1,1,1,1
MAR011,SONASID,Materiaux de construction,Rabat-Sale-Kenitra,2023,883.177,706.5416,436.536,42.858,116.941,624.512,116.572,517.3300000000002,SID,2000,0.305720823798627,0.0485270789434054,0.1324094717140505,0.8283747950399676,0.1319916619205436,1.500770694680011,Distress,1,0,0,6.783525633517074,0.7071198638551501,1.6185185185185185,0.1324094717140505,-0.5,6.266789086459118,14.6822434,29.3644868,44.046730200000006,0.12595,0.2519,0.37785,1.085135694680011,0.669500694680011,0.2538656946800111,1,1,1,-1.242,-1.997,3,0,1,1,0,2
MAR011,SONASID,Materiaux de construction,Rabat-Sale-Kenitra,2024,53057654883177.0,26.071,39.1065,3042858.26,222327116941.0,811.424,116.572,106115309764731.16,SID,2000,-2.456855665540011e-13,5.73500330291605e-08,0.0041902929451089,10.0,2.1970816512088533e-12,6.013828047010808,Safe,0,0,1,31.60240026620903,1.5293250366730368e-11,0.6666666666666666,0.0041902929451089,0.0,1.500770694680011,14.6822434,29.3644868,44.046730200000006,0.12595,0.2519,0.37785,5.598193047010808,5.182558047010808,4.766923047010808,0,0,0,-0.702,-1.358,1,0,0,1,0,4
MAR013,Aluminium du Maroc,Materiaux de construction,Casablanca-Settat,2020,31.0,24.8,37.2,30600000.0,5234489911.5,27.9,849909893.0,10.0,ALM,2000,-0.4000000000000001,2.0,2.0,0.3584229390681003,5.0,14.13505376344086,Safe,0,0,1,3.4339872044851463,0.9,0.6666666666666666,1.0,,,107046151.02335,214092302.0467,321138453.07005,0.12595,0.2519,0.37785,13.71941876344086,13.30378376344086,12.88814876344086,0,0,0,0.283,-0.132,0,0,0,0,0,8
MAR013,Aluminium du Maroc,Materiaux de construction,Casablanca-Settat,2021,1235.2,988.16,251.1,31.0,30763496.0,1111.68,848.9,10.0,ALM,2000,0.5967130829015543,0.0250971502590673,2.0,0.0089953943580886,0.6872571243523315,8.043846070811744,Safe,0,0,1,7.118988179270512,0.9,3.935324571883712,1.0,-0.5,14.13505376344086,106.918955,213.83791,320.756865,0.12595,0.2519,0.37785,7.628211070811744,7.212576070811744,6.796941070811744,0,0,0,-0.975,-1.804,5,0,0,1,0,3
MAR013,Aluminium du Maroc,Materiaux de construction,Casablanca-Settat,2022,1235.2,988.16,1482.24,31.0,92.9,31.0,908.7,161.116,ALM,2000,-0.4,0.0250971502590673,0.0752104922279792,5.1972903225806455,0.7356703367875648,3.657375165050978,Safe,0,0,1,7.118988179270512,0.0250971502590673,0.6666666666666666,0.0752104922279792,0.0704441041347627,8.043846070811744,114.45076500000002,228.90153000000004,343.352295,0.12595,0.2519,0.37785,3.241740165050978,2.826105165050978,2.410470165050978,0,0,0,-1.207,-2.073,4,2,1,1,0,2
MAR013,Aluminium du Maroc,Materiaux de construction,Casablanca-Settat,2023,1235.2,988.16,1482.24,31.0,80.0,1111.68,67722287.7,517.3300000000002,ALM,2000,-0.4,0.0250971502590673,0.0647668393782383,0.4653587363270007,5.0,5.048081822107081,Safe,0,0,1,7.118988179270512,0.9,0.6666666666666666,0.0647668393782383,1.0,3.657375165050978,8529622.135815,17059244.27163,25588866.407445,0.12595,0.2519,0.37785,4.632446822107081,4.216811822107081,3.801176822107081,0,0,0,-1.624,-2.126,6,3,1,1,1,1
MAR014,Nexans Maroc,Materiaux de construction,Casablanca-Settat,2019,35343763931698.0,767938792.41,624310889.03,158550000.0,7953481969.0,976710907.45,16040931.48,70679155125367.2,NEX,2000,4.063741022534035e-06,4.48593987630742e-06,0.0002250321155485,10.0,4.538546463528667e-07,6.000754216641011,Safe,0,0,1,31.196143083422,2.763460364146554e-05,1.2300583025280185,0.0002250321155485,,,2020355.319906,4040710.639812,6061065.959718,0.12595,0.2519,0.37785,5.585119216641011,5.169484216641011,4.753849216641011,0,0,0,-0.057,-0.884,2,1,0,0,0,7
MAR014,Nexans Maroc,Materiaux de construction,Casablanca-Settat,2020,17533901693609.0,689414720.68,666157600.0,258167033.08,10468979534.0,1006958511.98,46707906.14,35065789470194.04,NEX,2000,1.3264087529632396e-06,1.4723878209839646e-05,0.0005970707328543,10.0,2.663862667658548e-06,6.001995202401084,Safe,0,0,1,30.49515736246402,5.7429232214016017e-05,1.0349123400828872,0.0005970707328543,1.0,6.000754216641011,5882860.778333001,11765721.556666002,17648582.334999003,0.12595,0.2519,0.3778500000000001,5.586360202401084,5.170725202401084,4.755090202401084,0,0,0,0.283,-0.132,0,0,0,0,0,8
MAR015,Managem,Energie & Mines,Casablanca-Settat,2019,12450.3,9960.24,14940.36,1581.0,885.0,182.8,199.5,26988.500000000004,MNG,2000,-0.4000000000000001,0.1269848919303149,0.0710826245150719,10.0,0.0160237102720416,5.94837521987422,Safe,0,0,1,9.429499997988083,0.0146823771314747,0.6666666666666666,0.0710826245150719,,,45.685500000000005,91.371,137.0565,0.229,0.4580000000000001,0.6869999999999999,5.19267521987422,4.43697521987422,3.68127521987422,0,0,0,-0.057,-0.884,2,1,0,0,0,7
MAR015,Managem,Energie & Mines,Casablanca-Settat,2020,13661.8,607.744,50.0,1619.0,522.1,146.126,7264.553,29734.4828,MNG,2000,0.0408250742947488,0.1185056141943228,0.0382160476657541,10.0,0.5317420105696175,6.872752916892357,Safe,0,0,1,9.522358896039568,0.0106959551450028,10.0,0.0382160476657541,1.0,5.94837521987422,1663.582637,3327.165274,4990.747911,0.229,0.458,0.687,6.117052916892357,5.361352916892357,4.605652916892357,0,0,0,0.283,-0.132,0,0,0,0,0,8
MAR015,Managem,Energie & Mines,Casablanca-Settat,2021,13661.8,10929.44,16394.16,2019.0,317.4,12295.62,28666.0,63172902954872.86,MNG,2000,-0.3999999999999999,0.1477843329575897,0.0232326633386523,10.0,2.098259380169524,7.901825235327702,Safe,0,0,1,9.522358896039568,0.9,0.6666666666666667,0.0232326633386523,1.0,6.872752916892357,6564.514,13129.028,19693.542,0.229,0.458,0.687,7.146125235327702,6.390425235327702,5.634725235327702,0,0,0,-0.975,-1.804,5,0,0,1,0,3
MAR015,Managem,Energie & Mines,Casablanca-Settat,2022,19305158.0,15444126.4,23166189.6,2021.0,19931317.4,64808.8,380.2,42328768.24,MNG,2000,-0.4000000000000001,0.0001046870478863,1.0324348238952512,10.0,1.9694218508856545e-05,8.927201174939878,Safe,0,0,1,16.775882872055167,0.0033570717214539,0.6666666666666666,1.0,-0.5,7.901825235327702,87.0658,174.1316,261.1974,0.229,0.458,0.687,8.171501174939877,7.415801174939878,6.660101174939878,0,0,0,-1.207,-2.073,4,2,1,1,0,2
MAR015,Managem,Energie & Mines,Casablanca-Settat,2023,23242.2,18593.76,27890.64,609000.0,1044.7,20917.98,368.2,10.0,MNG,2000,-0.4,2.0,0.0449484128008536,0.0004780576327159,0.0158418738329418,2.484458470655388,Grey,0,1,0,10.05372487085723,0.8999999999999999,0.6666666666666666,0.0449484128008536,-0.0315623356128353,8.927201174939878,84.3178,168.6356,252.9534,0.229,0.458,0.687,1.728758470655388,0.973058470655388,0.2173584706553879,1,1,1,-1.624,-2.126,6,3,1,1,1,1
MAR015,Managem,Energie & Mines,Casablanca-Settat,2024,22.0,17.6,26.4,64.0,1252.3,19.8,8859.8,10.0,MNG,2000,-0.4,2.0,2.0,0.5050505050505051,5.0,14.223030303030304,Safe,0,0,1,3.091042453358316,0.9,0.6666666666666666,1.0,1.0,2.484458470655388,2028.8942,4057.7884,6086.6826,0.229,0.458,0.687,13.467330303030304,12.711630303030304,11.955930303030303,0,0,0,-0.368,-1.164,1,1,0,0,0,6
MAR016,SMI,Energie & Mines,Marrakech-Safi,2019,31.0,24.8,37.2,4743.0,885.0,27.9,2721138.73,26988.500000000004,SMI,2000,-0.4000000000000001,2.0,2.0,10.0,5.0,19.92,Safe,0,0,1,3.4339872044851463,0.8999999999999999,0.6666666666666666,1.0,,,623140.76917,1246281.53834,1869422.30751,0.229,0.458,0.687,19.1643,18.4086,17.652900000000002,0,0,0,-0.439,-1.074,2,1,0,0,0,5
MAR016,SMI,Energie & Mines,Marrakech-Safi,2020,31.0,14.8,22.200000000000003,36.0,522.1,27.9,98162.81,29734.4828,SMI,2000,-0.2387096774193549,1.1612903225806452,2.0,10.0,5.0,18.93935483870968,Safe,0,0,1,3.4339872044851463,0.8999999999999999,0.6666666666666666,1.0,-0.5,19.92,22479.28349,44958.56698,67437.85047,0.229,0.458,0.687,18.18365483870968,17.42795483870968,16.67225483870968,0,0,0,-0.387,-0.638,3,0,0,0,0,5
MAR016,SMI,Energie & Mines,Marrakech-Safi,2021,31.0,24.8,7.0,13.0,-7912.0,27.9,98162.81,63172902954872.86,SMI,2000,0.5741935483870968,0.4193548387096774,-2.0,10.0,5.0,5.676129032258065,Safe,0,0,1,3.4339872044851463,0.8999999999999999,3.542857142857143,-1.0,0.0,18.93935483870968,22479.28349,44958.56698,67437.85047,0.229,0.458,0.687,4.920429032258065,4.164729032258065,3.409029032258065,0,0,0,-1.51,-2.164,6,1,1,1,1,1
MAR016,SMI,Energie & Mines,Marrakech-Safi,2022,31.0,24.8,37.2,2021.0,19931317.4,27.9,4799545.55,42328768.24,SMI,2000,-0.4000000000000001,2.0,2.0,10.0,5.0,19.92,Safe,0,0,1,3.4339872044851463,0.8999999999999999,0.6666666666666666,1.0,1.0,5.676129032258065,1099095.93095,2198191.8619,3297287.7928500003,0.229,0.458,0.687,19.1643,18.4086,17.652900000000002,0,0,0,-2.343,-2.93,7,2,1,1,1,1
MAR016,SMI,Energie & Mines,Marrakech-Safi,2023,31.0,0.0,,98.5,209647865605.35,27.9,5039037.31,10.0,SMI,2000,-0.3999999999999999,2.0,2.0,0.3584229390681003,5.0,14.13505376344086,Safe,0,0,1,3.4339872044851463,0.8999999999999999,10.0,1.0,0.0498988409433889,19.92,1153939.54399,2307879.08798,3461818.63197,0.229,0.458,0.687,13.37935376344086,12.62365376344086,11.86795376344086,0,0,0,-1.508,-2.176,4,2,1,1,1,1
MAR016,SMI,Energie & Mines,Marrakech-Safi,2024,11441155.0,9152924.0,13729386.0,120.0,261235.0,10297039.5,5039037.31,10.0,SMI,2000,-0.4,1.0488451559304983e-05,0.0228329220257919,9.711529221578688e-07,0.4404308227622123,0.0357947319712621,Distress,1,0,0,16.252727500358116,0.9,0.6666666666666666,0.0228329220257919,0.0,14.13505376344086,1153939.54399,2307879.08798,3461818.63197,0.229,0.458,0.687,-0.7199052680287379,-1.475605268028738,-2.231305268028738,1,1,1,-0.833,-1.228,2,1,0,1,0,3
MAR017,TotalEnergies Marketing MA,Energie & Mines,Casablanca-Settat,2021,28719902763910.0,2316597347.52,3474896021.28,1338227520.84,1310666762931.0,4946875331.43,17543507331.06,63172902954872.86,TMA,2000,-4.0330870312539526e-05,4.659582352491956e-05,0.0456361838584638,10.0,0.0006108484236619,6.151227092265152,Safe,0,0,1,30.98861147444511,0.0001722455459579,0.6666666666666667,0.0456361838584638,,,4017463178.81274,8034926357.625481,12052389536.43822,0.229,0.458,0.687,5.395527092265152,4.639827092265152,3.884127092265152,0,0,0,-0.975,-1.804,5,0,0,1,0,3
MAR017,TotalEnergies Marketing MA,Energie & Mines,Casablanca-Settat,2023,31496192905786.0,4833271464.48,5684689612.61,1701519061.11,419295730166.0,737390238.56,20946422239.51,69290002134204.375,TMA,2000,-2.703241470093964e-05,5.40230073583726e-05,0.0133125845215716,10.0,0.0006650461629494,6.044639768396796,Safe,0,0,1,31.080887794322184,2.341204350524973e-05,0.85022609743875,0.0133125845215716,0.1939700451132304,6.151227092265152,4796730692.84779,9593461385.69558,14390192078.54337,0.229,0.458,0.687,5.288939768396796,4.533239768396796,3.777539768396796,0,0,0,-1.624,-2.126,6,3,1,1,1,1
MAR017,TotalEnergies Marketing MA,Energie & Mines,Casablanca-Settat,2024,31613913149619.0,2957038399.32,4402837051.51,1258505440.82,1340300419295.0,697106199.43,20909935556.16,69549075295523.06,TMA,2000,-4.57329861490881e-05,3.980859423709675e-05,0.0423959037576831,10.0,0.0006614156070208,6.1405687504559285,Safe,0,0,1,31.08461842916732,2.2050614111919937e-05,0.6716211308128817,0.0423959037576831,-0.0017419052730244,6.044639768396796,4788375242.360641,9576750484.72128,14365125727.08192,0.229,0.4580000000000001,0.687,5.3848687504559285,4.6291687504559285,3.873468750455928,0,0,0,-0.368,-1.164,1,1,0,0,0,6
MAR019,Stroc Industrie,Energie & Mines,Casablanca-Settat,2019,13661.8,10929.44,16394.16,-103.749,885.0,12295.62,8040.0,26988.500000000004,STR,2008,-0.3999999999999999,-0.0075940944824254,0.064779165263728,2.1949686148400818,0.5885022471416651,1.628622929140621,Distress,1,0,0,9.522358896039568,0.9,0.6666666666666667,0.064779165263728,,,1841.16,3682.32,5523.4800000000005,0.229,0.458,0.687,0.8729229291406209,0.1172229291406208,-0.6384770708593792,1,1,1,-0.057,-0.884,2,1,0,0,0,7
MAR019,Stroc Industrie,Energie & Mines,Casablanca-Settat,2021,13661.8,10929.44,16394.16,848.895,317.4,12295.62,82.0,63172902954872.86,STR,2008,-0.3999999999999999,0.0621363949113586,0.0232326633386523,10.0,0.0060021373464697,5.689660879239924,Safe,0,0,1,9.522358896039568,0.9,0.6666666666666667,0.0232326633386523,-0.5,1.628622929140621,18.778,37.556,56.334,0.229,0.4580000000000001,0.687,4.933960879239924,4.178260879239924,3.422560879239924,0,0,0,-0.975,-1.804,5,0,0,1,0,3
MAR019,Stroc Industrie,Energie & Mines,Casablanca-Settat,2023,13661.8,10929.44,16394.16,711.526,209647865605.35,12295.62,600.0,10.0,STR,2008,-0.3999999999999999,0.0520814241168806,2.0,0.000813297743424,0.0439180781449003,6.237320050554587,Safe,0,0,1,9.522358896039568,0.9,0.6666666666666667,1.0,1.0,5.689660879239924,137.4,274.8,412.2000000000001,0.229,0.458,0.687,5.481620050554587,4.725920050554587,3.9702200505545866,0,0,0,-1.624,-2.126,6,3,1,1,1,1
MAR020,Label'Vie,Distribution & Commerce,Rabat-Sale-Kenitra,2021,8935924100.0,171327619.0,256991428.5,158080318.0,5405765.4,302060534.0,12549563866331.73,15540954418.8,LBV,2008,-0.0095864522282591,0.0176904275630541,0.0006049475509757,10.0,5.0,11.015259182832583,Safe,0,0,1,22.913345404944025,0.0338029431113901,0.6666666666666666,0.0006049475509757,,,172556503162.0613,345113006324.1226,517669509486.1839,0.01375,0.0275,0.04125,10.969884182832583,10.924509182832583,10.879134182832583,0,0,0,-0.682,-1.328,4,0,0,1,0,4
MAR021,Auto Hall,Distribution & Commerce,Casablanca-Settat,2019,770.843,345.862,518.793,9662372.23,325.3,480.48,170.874,522.6533999999999,AUTO,2000,-0.2243401055727301,2.0,0.4220055186334961,1.0877734765234763,0.2216715984967107,4.797745769214057,Safe,0,0,1,6.647484721180379,0.6233175886659151,0.6666666666666667,0.4220055186334961,,,2.3495175,4.699035,7.0485525,0.01375,0.0275,0.04125,4.752370769214057,4.706995769214057,4.661620769214057,0,0,0,-0.057,-0.884,2,1,0,0,0,7
MAR021,Auto Hall,Distribution & Commerce,Casablanca-Settat,2020,1854209766.0765,104826403.171,50321885.412,3785705.31,161.745,381894902.754,353.462,1156672348669.3428,AUTO,2000,0.0293950116951068,0.0020416812484007,8.72312307696727e-08,10.0,1.9062675996358497e-07,6.038132846271711,Safe,0,0,1,21.340724440126035,0.2059610027629657,2.0831175603369303,8.72312307696727e-08,1.0,4.797745769214057,4.8601025,9.720205,14.5803075,0.01375,0.0275,0.04125,5.992757846271712,5.947382846271712,5.902007846271712,0,0,0,0.283,-0.132,0,0,0,0,0,8
MAR021,Auto Hall,Distribution & Commerce,Casablanca-Settat,2021,3708418761.31,239.472,294.683,279354.25,161.745,488.206,353.462,6675152891.5872,AUTO,2000,-1.4888016578930444e-08,7.532974779291594e-05,4.361562445090845e-08,10.0,9.531339979391632e-08,6.000105683026251,Safe,0,0,1,22.03387141282301,1.3164802343615078e-07,0.812642738128769,4.361562445090845e-08,0.0,6.038132846271711,4.8601025,9.720205,14.5803075,0.01375,0.0275,0.04125,5.954730683026251,5.909355683026251,5.863980683026251,0,0,0,-0.975,-1.804,5,0,0,1,0,3
MAR021,Auto Hall,Distribution & Commerce,Casablanca-Settat,2022,1854209389.655,831.056,566.699,11511843.78,163970115818.0,577.871,38489993543248.0,969831393801.444,AUTO,2000,1.4257127672575705e-07,0.0062084917939833,2.0,10.0,5.0,17.608692059597107,Safe,0,0,1,21.34072423711689,3.1165358304410293e-07,1.466485735813898,1.0,1.0,6.000105683026251,529237411219.66,1058474822439.32,1587712233658.98,0.01375,0.0275,0.04125,17.563317059597107,17.517942059597107,17.472567059597107,0,0,0,-1.207,-2.073,4,2,1,1,0,2
MAR021,Auto Hall,Distribution & Commerce,Casablanca-Settat,2023,18.0,14.4,21.6,1176999.6,115.818,16.2,543.248,10.0,AUTO,2000,-0.4000000000000001,2.0,2.0,0.617283950617284,5.0,14.29037037037037,Safe,0,0,1,2.8903717578961645,0.8999999999999999,0.6666666666666666,1.0,-0.5,17.608692059597107,7.469660000000001,14.939320000000002,22.408980000000003,0.01375,0.0275,0.04125,14.24499537037037,14.19962037037037,14.15424537037037,0,0,0,-1.624,-2.126,6,3,1,1,1,1
MAR021,Auto Hall,Distribution & Commerce,Casablanca-Settat,2024,6313507887.33,1975043925.85,551437811.61,70238461.59,2199347006113.73,1912923856.36,87458536.61749999,7921051255.746,AUTO,2000,0.2254857584159995,0.0111251087103185,2.0,4.140808443268904,0.0138526059012316,9.384495734156218,Safe,0,0,1,22.565957284122344,0.3029890657456643,3.58162585928517,1.0,1.0,14.29037037037037,1202554.878490625,2405109.75698125,3607664.635471875,0.01375,0.0275,0.04125,9.339120734156218,9.293745734156218,9.248370734156218,0,0,0,-0.368,-1.164,1,1,0,0,0,6
MAR024,Stokvis Nord Afrique,Distribution & Commerce,Casablanca-Settat,2019,788873923854.0,319665509.74,237269093.6,5079426.0,-12344.0,520319994.12,11.0,1419036486947.784,SNO,2000,0.0001044481426606,6.438831157182563e-06,-1.5647620775312322e-08,10.0,1.3943926484805211e-11,6.000134300511608,Safe,0,0,1,27.393872352697134,0.0006595730678712,1.347269907301572,-1.5647620775312322e-08,,,0.15125,0.3025,0.45375,0.01375,0.0275,0.04125,5.954759300511608,5.909384300511608,5.864009300511608,0,0,0,-0.057,-0.884,2,1,0,0,0,7
MAR024,Stokvis Nord Afrique,Distribution & Commerce,Casablanca-Settat,2020,764955788873.0,341.102,264.054,79.426,641.0,524.798,57.303,1376920419026.7637,SNO,2000,1.0072216083692088e-10,1.0383083722657664e-10,8.37956924209146e-10,10.0,7.491021158807597e-11,6.000000003106398,Safe,0,0,1,27.36308387678003,6.860501059455714e-10,1.2917888007755989,8.37956924209146e-10,1.0,6.000134300511608,0.78791625,1.5758325,2.36374875,0.01375,0.0275,0.04125,5.954625003106398,5.909250003106398,5.863875003106398,0,0,0,0.283,-0.132,0,0,0,0,0,8
MAR024,Stokvis Nord Afrique,Distribution & Commerce,Casablanca-Settat,2023,488.77,333.593,444.869,79.426,-84.421,439.893,37.202,10.0,SNO,2000,-0.2276653640771733,0.1625017902080733,-0.1727213208666653,0.0227328009311355,0.0761135094216093,-0.5259230994810101,Distress,1,0,0,6.191892031178458,0.9,0.7498679386516031,-0.1727213208666653,-0.3507844266443293,6.000000003106398,0.5115275,1.023055,1.5345825,0.01375,0.0275,0.04125,-0.5712980994810102,-0.6166730994810101,-0.6620480994810101,1,1,1,-1.624,-2.126,6,3,1,1,1,1
MAR024,Stokvis Nord Afrique,Distribution & Commerce,Casablanca-Settat,2024,488.77,328.768,300.441,240.396,-16.638,439.893,21.265,493806788360.064,SNO,2000,0.0579556846778648,0.491838697137713,-0.0340405507703009,10.0,0.0435071710620537,6.689294351126296,Safe,0,0,1,6.191892031178458,0.9,1.0942847347732167,-0.0340405507703009,-0.4283909467232943,-0.5259230994810101,0.29239375,0.5847875,0.87718125,0.01375,0.0275,0.04125,6.643919351126296,6.598544351126296,6.5531693511262965,0,0,0,-0.368,-1.164,1,1,0,0,0,6
MAR025,Maghreb Oxygène,Distribution & Commerce,Casablanca-Settat,2019,499454474810.0,194388921.89,97374368.95,28.651,19157207268.0,735056717.74,2018.0,897694952566.068,MOX,2000,0.0001942410326324,5.736458765515971e-11,0.0383562631514868,10.0,4.040408288999067e-09,6.126808761759784,Safe,0,0,1,26.93678228935985,0.0014717191552235,1.996304818055512,0.0383562631514868,,,27.7475,55.495,83.2425,0.01375,0.0275,0.04125,6.081433761759784,6.036058761759784,5.990683761759784,0,0,0,-0.057,-0.884,2,1,0,0,0,7
MAR025,Maghreb Oxygène,Distribution & Commerce,Casablanca-Settat,2020,520999499454.0,209652465.24,100643506.77,37903949.11,2072616993.0,763789280.71,2436442509913.0,936424278311.922,MOX,2000,0.0002092304475997,7.275237145088008e-05,0.0039781554400187,10.0,4.676477640508977,10.68995848331819,Safe,0,0,1,26.97901491795844,0.0014660077054017,2.083119636511847,0.0039781554400187,1.0,6.126808761759784,33501084511.30375,67002169022.6075,100503253533.91124,0.01375,0.0275,0.04125,10.64458348331819,10.59920848331819,10.55383348331819,0,0,0,0.283,-0.132,0,0,0,0,0,8
MAR025,Maghreb Oxygène,Distribution & Commerce,Casablanca-Settat,2021,546779520999.0,204194818.97,113891571.24,25.0,16993180987.0,793777230.21,25099127732310.0,982774338783.822,MOX,2000,0.0001651547731067,4.572226837304267e-11,0.031078671263972,10.0,5.0,11.102757800962848,Safe,0,0,1,27.0273114886424,0.0014517318219228,1.7928878910600583,0.031078671263972,1.0,10.68995848331819,345113006319.2625,690226012638.525,1035339018957.7876,0.01375,0.0275,0.04125,11.057382800962849,11.012007800962849,10.966632800962849,0,0,0,-0.975,-1.804,5,0,0,1,0,3
MAR025,Maghreb Oxygène,Distribution & Commerce,Casablanca-Settat,2022,539597546779.0,194725418.16,100318224.62,17.0,1809817419.0,802328000.42,2773232947566.0,969831393801.444,MOX,2000,0.0001749585299331,3.1504961617185765e-11,0.0033540134305711,10.0,5.0,11.011278194600912,Safe,0,0,1,27.014089414900145,0.0014869007563309,1.941077196068903,0.0033540134305711,-0.5,11.102757800962848,38131953029.0325,76263906058.065,114395859087.0975,0.01375,0.0275,0.04125,10.965903194600912,10.920528194600912,10.875153194600912,0,0,0,-1.207,-2.073,4,2,1,1,0,2
MAR025,Maghreb Oxygène,Distribution & Commerce,Casablanca-Settat,2023,522323539597.0,195036504.92,82085567.37,112105500.0,7002457.81,827866769.75,120215919.5,938692211089.05,MOX,2000,0.0002162470748248,0.0002146284658862,1.340636076904128e-05,10.0,0.0002301560438818,6.00083437337645,Safe,0,0,1,26.981553040484705,0.0015849692900854,2.376014580503228,1.340636076904128e-05,-0.5,11.011278194600912,1652968.893125,3305937.78625,4958906.679375,0.01375,0.0275,0.04125,5.95545937337645,5.91008437337645,5.86470937337645,0,0,0,-1.624,-2.126,6,3,1,1,1,1
MAR025,Maghreb Oxygène,Distribution & Commerce,Casablanca-Settat,2024,545117522323.0,24.5,36.75,298835.03,56968420.0,843897065.01,174917051.97,979692525464.382,MOX,2000,-2.247221837191554e-11,5.482029429663618e-07,0.0001045066754728,10.0,0.0003208795256197,6.000666519011834,Safe,0,0,1,27.024267245653185,0.0015481011533325,0.6666666666666666,0.0001045066754728,0.4550240325699959,6.00083437337645,2405109.4645875,4810218.929175,7215328.3937625,0.01375,0.0275,0.04125,5.955291519011834,5.909916519011834,5.864541519011834,0,0,0,-0.368,-1.164,1,1,0,0,0,6
MAR027,Résidences Dar Saada,Immobilier,Casablanca-Settat,2022,127.145,101.716,75.419,819.76,29895775753.831497,114.4305,543.106,10.0,RDS,2014,0.2068268512328443,2.0,2.0,0.0873892886948846,4.271548232333163,13.972174027029508,Safe,0,0,1,4.845328167461431,0.9,1.3486787149126878,1.0,,,12.4371274,24.8742548,37.3113822,0.0229,0.0458,0.0687,13.896604027029507,13.821034027029508,13.745464027029508,0,0,0,-1.207,-2.073,4,2,1,1,0,2
MAR029,Colorado,Immobilier,Casablanca-Settat,2019,573.8,459.04,75.419,37498254.56,62764622440.8,516.42,500451524557.0,10.0,COL,2006,0.6685622168002788,2.0,2.0,0.019364083497928,5.0,15.213893110259091,Safe,0,0,1,6.352280903547264,0.9,6.086529919516302,1.0,,,11460339912.3553,22920679824.7106,34381019737.065895,0.0229,0.0458,0.0686999999999999,15.13832311025909,15.062753110259091,14.98718311025909,0,0,0,-0.057,-0.884,2,1,0,0,0,7
MAR029,Colorado,Immobilier,Casablanca-Settat,2021,648.4,192.9,26.9,33161036.68,551494113034.1,583.56,57406446161924.4,10.0,COL,2006,0.2560148056755089,2.0,2.0,0.0171361985057234,5.0,14.717499485914043,Safe,0,0,1,6.474507789861521,0.8999999999999999,7.17100371747212,1.0,1.0,15.213893110259091,1314607617108.0688,2629215234216.1377,3943822851324.206,0.0229,0.0458,0.0687,14.641929485914044,14.566359485914044,14.490789485914044,0,0,0,-0.975,-1.804,5,0,0,1,0,3
MAR029,Colorado,Immobilier,Casablanca-Settat,2022,542.0,200.0,300.0,32.0,59791551488.42,487.8,6099195740646.25,10.0,COL,2006,-0.1845018450184501,0.059040590405904,2.0,0.02050020500205,5.0,11.473554735547356,Safe,0,0,1,6.295266001439646,0.9,0.6666666666666666,1.0,-0.5,14.717499485914043,139671582460.79913,279343164921.59827,419014747382.3973,0.0229,0.0458,0.0687,11.397984735547356,11.322414735547357,11.246844735547356,0,0,0,-1.207,-2.073,4,2,1,1,0,2
MAR029,Colorado,Immobilier,Casablanca-Settat,2023,546.5,169.0,43.84,20000000.0,64946597918.6,491.85,602130621.0,10.0,COL,2006,0.2290210430009149,2.0,2.0,0.0203314018501575,5.0,14.687024092711193,Safe,0,0,1,6.3035343076165935,0.9,3.8549270072992696,1.0,-0.5,11.473554735547356,13788791.2209,27577582.4418,41366373.6627,0.0229,0.0458,0.0687,14.611454092711192,14.535884092711193,14.460314092711192,0,0,0,-1.624,-2.126,6,3,1,1,1,1
MAR029,Colorado,Immobilier,Casablanca-Settat,2024,569.4,169.0,43.84,92802642.8,93.2,58.7,605.0,766.05,COL,2006,0.2198103266596417,2.0,0.1636810677906568,10.0,1.062521952932912,10.66644186863365,Safe,0,0,1,6.344583174843937,0.1030909729539866,3.8549270072992696,0.1636810677906568,-0.5,14.687024092711193,13.8545,27.709,41.5635,0.0229,0.0458,0.0687,10.590871868633648,10.51530186863365,10.439731868633649,0,0,0,-0.368,-1.164,1,1,0,0,0,6
MAR030,Immorente Invest,Immobilier,Casablanca-Settat,2019,808.642,646.9136000000001,75.419,-3204488.44,62764622440.8,727.7778000000001,11.0,10.0,IMO,2019,0.7067337585730151,-2.0,2.0,0.0137404575957112,0.0136030530197541,4.669927837864798,Safe,0,0,1,6.695356297485255,0.9,8.577594505363372,1.0,,,0.2519,0.5038,0.7556999999999999,0.0229,0.0458,0.0687,4.594357837864799,4.518787837864799,4.443217837864799,0,0,0,-0.057,-0.884,2,1,0,0,0,7
MAR030,Immorente Invest,Immobilier,Casablanca-Settat,2021,808.642,46.595,12.979,798.0,23.401,727.7778000000001,70.104,10.0,IMO,2019,0.0415709300283685,0.9868396645239796,0.0289386403377514,0.0137404575957112,0.0866934935360765,1.6218959275756968,Distress,1,0,0,6.695356297485255,0.9,3.590030048539949,0.0289386403377514,1.0,4.669927837864798,1.6053816,3.2107632,4.8161448,0.0229,0.0458,0.0687,1.5463259275756969,1.4707559275756967,1.3951859275756968,1,1,1,-0.975,-1.804,5,0,0,1,0,3
MAR030,Immorente Invest,Immobilier,Casablanca-Settat,2022,808.671,31.893,47.8395,7272.798,19.243,727.8039000000001,67.055,10.0,IMO,2019,-0.019719391445965,2.0,0.0237958329159818,0.0137399648449259,0.0829200008408858,2.946026958635424,Grey,0,1,0,6.695392159436532,0.9000000000000001,0.6666666666666666,0.0237958329159818,-0.0434925253908478,1.6218959275756968,1.5355595000000002,3.0711190000000004,4.6066785,0.0229,0.0458,0.0687,2.870456958635424,2.794886958635424,2.719316958635424,0,0,0,-1.207,-2.073,4,2,1,1,0,2
MAR030,Immorente Invest,Immobilier,Casablanca-Settat,2023,986954.0,2.0,3.0,220935250431.0,49.381,888258.6,72.215,10.0,IMO,2019,-1.013218447870924e-06,2.0,5.00337401743141e-05,1.1257982754121378e-05,7.316957021299878e-05,2.800243819840303,Grey,0,1,0,13.802378711453136,0.9,0.6666666666666666,5.00337401743141e-05,0.0769517560211765,2.946026958635424,1.6537235,3.307447,4.9611705,0.0229,0.0458,0.0687,2.724673819840303,2.649103819840303,2.5735338198403026,0,0,0,-1.624,-2.126,6,3,1,1,1,1
MAR030,Immorente Invest,Immobilier,Casablanca-Settat,2024,1204.39,963.5120000000002,545.358,843.949,44.593,1083.951,694.116,10.0,IMO,2019,0.3471915243401225,0.7007273391509394,0.0370253821436577,0.0092255092711755,0.5763216233944154,2.101688794050653,Grey,0,1,0,7.093728493683704,0.8999999999999999,1.7667513816612213,0.0370253821436577,1.0,2.800243819840303,15.8952564,31.7905128,47.6857692,0.0229,0.0458,0.0687,2.026118794050653,1.950548794050653,1.874978794050653,0,0,0,-0.368,-1.164,1,1,0,0,0,6
MAR031,Maroc Telecom,Telecom & Technologies,Rabat-Sale-Kenitra,2020,251.011,200.8088,301.21320000000003,31.0,12018823111052.0,225.9099,100.0,10.0,IAM,2004,-0.4,0.123500563720315,2.0,0.0442654350252025,0.3983889152268227,6.717848965450385,Safe,0,0,1,5.525496762872705,0.9,0.6666666666666666,1.0,,,0.4575,0.915,1.3725,0.004575,0.00915,0.013725,6.702751465450384,6.687653965450385,6.672556465450384,0,0,0,0.484,-0.344,2,1,0,0,0,9
MAR031,Maroc Telecom,Telecom & Technologies,Rabat-Sale-Kenitra,2021,98.253,78.6024,117.9036,31.0,11573120188231.0,88.4277,67.66666666666666,10.0,IAM,2004,-0.4000000000000001,0.3155119945446958,2.0,0.1130867363959483,0.6886982246513252,7.318267058851468,Safe,0,0,1,4.587545784634352,0.9,0.6666666666666666,1.0,-0.3233333333333335,6.717848965450385,0.309575,0.61915,0.928725,0.004575,0.00915,0.013725,7.303169558851468,7.288072058851468,7.272974558851468,0,0,0,-0.682,-1.328,4,0,0,1,0,4
MAR031,Maroc Telecom,Telecom & Technologies,Rabat-Sale-Kenitra,2022,445.195,356.156,534.234,31.0,89871157312018.0,400.6755,35.33333333333333,10.0,IAM,2004,-0.4000000000000001,0.0696324082705331,2.0,0.0249578524267143,0.0793659707169517,6.311826053751727,Safe,0,0,1,6.098512388430866,0.9,0.6666666666666666,1.0,-0.4778325123152709,7.318267058851468,0.16165,0.3233,0.48495,0.004575,0.00915,0.013725,6.296728553751726,6.281631053751727,6.266533553751726,0,0,0,-1.828,-2.415,5,3,1,1,1,1
MAR031,Maroc Telecom,Telecom & Technologies,Rabat-Sale-Kenitra,2023,221.112,176.8896,265.3344,10.0,11605898711573.0,199.0008,3.0,10.0,IAM,2004,-0.4000000000000001,0.0452259488404066,2.0,0.0502510542671185,0.013567784652122,6.227034745588962,Safe,0,0,1,5.398669360474741,0.9,0.6666666666666666,1.0,-0.5,6.311826053751727,0.013725,0.02745,0.041175,0.004575,0.00915,0.013725,6.211937245588961,6.196839745588962,6.1817422455889615,0,0,0,-1.242,-1.997,3,0,1,1,0,2
MAR031,Maroc Telecom,Telecom & Technologies,Rabat-Sale-Kenitra,2024,280.91,224.72800000000004,337.09200000000004,587065687832.0,2623119.643,252.819,910792381.4,10.0,IAM,2004,-0.3999999999999999,2.0,2.0,0.0395539892175825,5.0,13.94373239353055,Safe,0,0,1,5.638034333334139,0.9,0.6666666666666667,1.0,1.0,6.227034745588962,4166875.144905,8333750.28981,12500625.434715,0.004575,0.00915,0.013725,13.92863489353055,13.913537393530548,13.898439893530549,0,0,0,-0.702,-1.358,1,0,0,1,0,4
MAR032,HPS,Telecom & Technologies,Casablanca-Settat,2021,98.253,78.6024,117.9036,58.0,5786560094180.902,88.4277,20212020.0,10.0,HPS,2000,-0.4000000000000001,0.5903127639868503,2.0,0.1130867363959483,5.0,12.01428991141916,Safe,0,0,1,4.587545784634352,0.9,0.6666666666666666,1.0,,,92469.9915,184939.983,277409.9745,0.004575,0.00915,0.013725,11.99919241141916,11.98409491141916,11.96899741141916,0,0,0,-0.975,-1.804,5,0,0,1,0,3
MAR032,HPS,Telecom & Technologies,Casablanca-Settat,2022,445.195,356.156,534.234,81.9535,44935578656052.14,400.6755,20222021.0,10.0,HPS,2000,-0.4000000000000001,0.1840845022967464,2.0,0.0249578524267143,5.0,11.392693014671472,Safe,0,0,1,6.098512388430866,0.9,0.6666666666666666,1.0,0.0004948045766826,12.01428991141916,92515.746075,185031.49215,277547.23822500004,0.004575,0.00915,0.013725,11.377595514671471,11.362498014671472,11.347400514671472,0,0,0,-1.207,-2.073,4,2,1,1,0,2
MAR032,HPS,Telecom & Technologies,Casablanca-Settat,2023,221.112,176.8896,265.3344,123.786,94.029,199.0008,1191.5,10.0,HPS,2000,-0.4000000000000001,0.559833930315858,0.4252550743514598,0.0502510542671185,5.0,6.73725988036229,Safe,0,0,1,5.398669360474741,0.9,0.6666666666666666,0.4252550743514598,-0.5,11.392693014671472,5.4511125,10.902225,16.353337500000002,0.004575,0.00915,0.013725,6.722162380362289,6.70706488036229,6.691967380362289,0,0,0,-1.624,-2.126,6,3,1,1,1,1
MAR032,HPS,Telecom & Technologies,Casablanca-Settat,2024,280.91,224.72800000000004,337.09200000000004,157876682.82,2623119.643,252.819,1267.4,10.0,HPS,2000,-0.3999999999999999,2.0,2.0,0.0395539892175825,4.51176533409277,13.45549772762332,Safe,0,0,1,5.638034333334139,0.9,0.6666666666666667,1.0,0.0637012169534201,6.73725988036229,5.798355000000001,11.596710000000002,17.395065000000002,0.004575,0.00915,0.013725,13.44040022762332,13.425302727623318,13.41020522762332,0,0,0,-0.368,-1.164,1,1,0,0,0,6
MAR033,Disway,Telecom & Technologies,Casablanca-Settat,2021,98.253,78.6024,117.9036,113.123,130.804,88.4277,10106043.833333334,10.0,DIS,2008,-0.4000000000000001,1.1513439793186977,1.3312977720782062,0.1130867363959483,5.0,10.593016260741829,Safe,0,0,1,4.587545784634352,0.9,0.6666666666666666,1.0,,,46235.150537500005,92470.301075,138705.4516125,0.004575,0.00915,0.013725,10.577918760741827,10.562821260741828,10.547723760741828,0,0,0,-0.975,-1.804,5,0,0,1,0,3
MAR033,Disway,Telecom & Technologies,Casablanca-Settat,2022,445.195,356.156,534.234,132.907,86.283,400.6755,10111028.166666666,10.0,DIS,2008,-0.4000000000000001,0.2985365963229596,0.1938094542840777,0.0249578524267143,5.0,5.592497145445629,Safe,0,0,1,6.098512388430866,0.9,0.6666666666666666,0.1938094542840777,0.0004932032173552,10.593016260741829,46257.9538625,92515.907725,138773.8615875,0.004575,0.00915,0.013725,5.577399645445628,5.562302145445629,5.547204645445628,0,0,0,-1.207,-2.073,4,2,1,1,0,2
MAR033,Disway,Telecom & Technologies,Casablanca-Settat,2023,221.112,176.8896,265.3344,123.786,94.029,199.0008,1191.5,10.0,DIS,2008,-0.4000000000000001,0.559833930315858,0.4252550743514598,0.0502510542671185,5.0,6.73725988036229,Safe,0,0,1,5.398669360474741,0.9,0.6666666666666666,0.4252550743514598,-0.5,5.592497145445629,5.4511125,10.902225,16.353337500000002,0.004575,0.00915,0.013725,6.722162380362289,6.70706488036229,6.691967380362289,0,0,0,-1.624,-2.126,6,3,1,1,1,1
MAR033,Disway,Telecom & Technologies,Casablanca-Settat,2024,280.91,224.72800000000004,337.09200000000004,114.139,76.456,252.819,55935251.42,10.0,DIS,2008,-0.3999999999999999,0.4063187497775087,0.2721725819657541,0.0395539892175825,5.0,6.010748163706051,Safe,0,0,1,5.638034333334139,0.8999999999999999,0.6666666666666667,0.2721725819657541,1.0,6.73725988036229,255903.7752465,511807.550493,767711.3257395001,0.004575,0.00915,0.013725,5.9956506637060505,5.980553163706051,5.9654556637060505,0,0,0,-0.368,-1.164,1,1,0,0,0,6
MAR034,M2M Group,Telecom & Technologies,Casablanca-Settat,2023,221.112,176.8896,265.3344,161231609.38,-10333150.9,199.0008,49002809.32,10.0,M2M,2016,-0.4000000000000001,2.0,-2.0,0.0502510542671185,5.0,0.7501506325602714,Distress,1,0,0,5.398669360474741,0.9,0.6666666666666666,-1.0,,,224187.852639,448375.705278,672563.557917,0.004575,0.00915,0.013725,0.7350531325602714,0.7199556325602714,0.7048581325602714,1,1,1,-1.624,-2.126,6,3,1,1,1,1
MAR034,M2M Group,Telecom & Technologies,Casablanca-Settat,2024,280.91,224.72800000000004,337.09200000000004,157876682.82,5246162.83,252.819,55935251.42,10.0,M2M,2016,-0.3999999999999999,2.0,2.0,0.0395539892175825,5.0,13.94373239353055,Safe,0,0,1,5.638034333334139,0.9,0.6666666666666667,1.0,0.1414702992787517,0.7501506325602714,255903.7752465,511807.550493,767711.3257395001,0.004575,0.00915,0.013725,13.92863489353055,13.913537393530548,13.898439893530549,0,0,0,-0.368,-1.164,1,1,0,0,0,6
MAR035,CTM,Transport & Logistique,Casablanca-Settat,2020,341158422352.0,176585264793.0,110709170322.0,454.1895,-7593682913.0,307042580116.8,20587078.69,10.0,CTM,2000,0.1930953192268853,1.331315512801196e-09,-0.022258523945116,3.2568772696594616e-11,6.034462977073651e-05,0.1583216005665331,Distress,1,0,0,26.55561278802269,0.8999999999999999,1.5950373783797491,-0.022258523945116,,,1320146.42099625,2640292.8419925,3960439.262988751,0.064125,0.12825,0.192375,-0.0532908994334668,-0.2649033994334668,-0.4765158994334669,1,1,1,0.283,-0.132,0,0,0,0,0,8
MAR035,CTM,Transport & Logistique,Casablanca-Settat,2021,320285341158.0,256228272926.4,384342409389.6,136667219290.0,25438.0,122293152285.0,35732588.0,376185158858.7,CTM,2000,-0.3999999999999999,0.4267045716044203,7.94229292793365e-08,3.076093402041133,0.0001115648561086,1.9631542684226435,Grey,0,1,0,26.492478126538582,0.3818256303671155,0.6666666666666667,7.94229292793365e-08,0.7356803526163622,0.1583216005665331,2291352.2055,4582704.411,6874056.6165000005,0.064125,0.12825,0.192375,1.7515417684226435,1.5399292684226435,1.3283167684226431,1,1,1,-0.975,-1.804,5,0,0,1,0,3
MAR035,CTM,Transport & Logistique,Casablanca-Settat,2022,295251320285.0,236201056228.0,354301584342.0,19041904.0,-105814417.0,42785696.0,40483284.9,560896215719.1,CTM,2000,-0.4,6.449388264079308e-05,-0.0003583876166848,10.0,0.0001371146617089,5.519044726962346,Safe,0,0,1,26.41109276376664,0.0001449128016047,0.6666666666666666,-0.0003583876166848,0.1329513804037927,1.9631542684226435,2595990.6442125,5191981.288425,7787971.932637501,0.064125,0.12825,0.192375,5.307432226962346,5.095819726962347,4.884207226962347,0,0,0,-1.207,-2.073,4,2,1,1,0,2
MAR035,CTM,Transport & Logistique,Casablanca-Settat,2023,4836284956032.48,3869027964825.984,68147.0,10321388.0,802616765461.0,245173241883.0,40483284.9,10.0,CTM,2000,0.7999999859092255,2.134156298446754e-06,0.1659572942367397,4.0787485303033744e-11,8.37074019997595e-06,1.5076704126558016,Distress,1,0,0,29.20716797085592,0.0506945401505314,10.0,0.1659572942367397,0.0,5.519044726962346,2595990.6442125,5191981.288425,7787971.932637501,0.064125,0.12825,0.192375,1.2960579126558016,1.0844454126558016,0.8728329126558015,1,1,1,-1.624,-2.126,6,3,1,1,1,1
MAR035,CTM,Transport & Logistique,Casablanca-Settat,2024,14.0,11.2,16.799999999999997,577854463482.5,76546195793325.1,12.6,40483284.9,10.0,CTM,2000,-0.3999999999999998,2.0,2.0,0.7936507936507937,5.0,14.396190476190476,Safe,0,0,1,2.6390573296152584,0.9,0.6666666666666667,1.0,0.0,1.5076704126558016,2595990.6442125,5191981.288425,7787971.932637501,0.064125,0.12825,0.192375,14.184577976190475,13.972965476190476,13.761352976190476,0,0,0,-0.368,-1.164,1,1,0,0,0,6
MAR036,Marsa Maroc,Transport & Logistique,Casablanca-Settat,2019,218.199,174.55920000000003,261.83880000000005,204.77,28.0,103.58,961.988,217.7761,MSA,2016,-0.4000000000000001,0.9384552633146808,0.1283232278791378,2.102491793782584,4.408764476464145,6.927563573375403,Safe,0,0,1,5.385407490437048,0.4747042837043249,0.6666666666666666,0.1283232278791378,,,61.68748050000001,123.374961,185.06244150000003,0.064125,0.12825,0.192375,6.715951073375403,6.504338573375403,6.292726073375404,0,0,0,-0.057,-0.884,2,1,0,0,0,7
MAR036,Marsa Maroc,Transport & Logistique,Casablanca-Settat,2020,577.521,116.356,174.534,854.685,-3796841200.6525,519.7689,27571552909381.0,10.0,MSA,2016,-0.100737462360676,1.479920210693637,-2.0,0.0192393196283963,5.0,0.3625469319153183,Distress,1,0,0,6.358744805371171,0.9000000000000001,0.6666666666666666,-1.0,1.0,6.927563573375403,1768025830314.0566,3536051660628.1133,5304077490942.17,0.064125,0.12825,0.192375,0.1509344319153183,-0.0606780680846816,-0.2722905680846816,1,1,1,0.283,-0.132,0,0,0,0,0,8
MAR036,Marsa Maroc,Transport & Logistique,Casablanca-Settat,2021,78091777577521.0,20885032116356.0,11191381584523.0,559395854685.0,2018.0,26416871639696.0,2018.0,98182321281867.5,MSA,2016,0.1241315133620847,0.0071633131174366,2.584138897333653e-11,3.716652093442105,2.584138897333653e-11,2.388977710575294,Grey,0,1,0,31.98890588653424,0.3382798094648596,1.8661710315765416,2.584138897333653e-11,-0.5,0.3625469319153183,129.40425,258.8085,388.21275,0.064125,0.12825,0.192375,2.177365210575294,1.9657527105752937,1.7541402105752937,0,0,1,-0.975,-1.804,5,0,0,1,0,3
MAR036,Marsa Maroc,Transport & Logistique,Casablanca-Settat,2022,80598527809177.0,21982362088503.0,12168591119138.0,697310559395.0,13634161129369.0,23657742641687.0,40142483662838.0,108187491818231.0,MSA,2016,0.1217611690451695,0.008651653800004,0.1691614164671703,4.573026829178335,0.4980548001804488,3.958329290203321,Safe,0,0,1,32.020501499879494,0.2935257415333747,1.8064837476485271,0.1691614164671703,1.0,2.388977710575294,2574136764879.487,5148273529758.974,7722410294638.461,0.064125,0.12825,0.192375,3.7467167902033207,3.535104290203321,3.3234917902033208,0,0,0,-1.207,-2.073,4,2,1,1,0,2
MAR036,Marsa Maroc,Transport & Logistique,Casablanca-Settat,2023,78907808059852.0,28088452198236.0,10369621216859.0,926938697310.0,802616765461.0,20319122365774.0,43637374014248.0,111318502818748.2,MSA,2016,0.2245510478245343,0.011747109951488,0.0101715759846251,5.47850939695386,0.5530171866027354,4.159596236845839,Safe,0,0,1,31.99930130035236,0.2575045849754416,2.7087249968754503,0.0101715759846251,0.0870621354862855,3.958329290203321,2798246608663.653,5596493217327.306,8394739825990.96,0.064125,0.12825,0.192375,3.9479837368458384,3.736371236845839,3.5247587368458384,0,0,0,-1.624,-2.126,6,3,1,1,1,1
MAR036,Marsa Maroc,Transport & Logistique,Casablanca-Settat,2024,82986837890780.0,32663922808845.0,11576821036962.0,1155708926938.0,76546195793325.1,15980342031912.0,40483284.9,127312342131849.2,MSA,2016,0.2541017624943849,0.0139264123843234,0.9223895950110604,7.966809588781791,4.878277800303772e-07,8.148390996964668,Safe,0,0,1,32.049703131520914,0.1925647781994528,2.8214932842579983,0.9223895950110604,-0.5,4.159596236845839,2595990.6442125,5191981.288425,7787971.932637501,0.064125,0.12825,0.192375,7.936778496964668,7.725165996964668,7.5135534969646685,0,0,0,-0.368,-1.164,1,1,0,0,0,6
MAR037,TIMAR,Transport & Logistique,Casablanca-Settat,2020,391.067,216.276,324.414,53.694,511.695,77.7,15440.147,595.3973,TIM,2006,-0.2765203916464441,0.1373012808546873,1.30845865286511,7.662770913770913,5.0,13.77597342593824,Safe,0,0,1,5.968878900804411,0.1986871814804112,0.6666666666666667,1.0,,,990.099426375,1980.19885275,2970.2982791250006,0.064125,0.12825,0.192375,13.56436092593824,13.35274842593824,13.14113592593824,0,0,0,0.283,-0.132,0,0,0,0,0,8
MAR037,TIMAR,Transport & Logistique,Casablanca-Settat,2021,374.567,299.65360000000004,449.4804,3011000.0,28.407,337.1103,336123131.73,10.0,TIM,2006,-0.3999999999999999,2.0,0.0758395694228269,0.0296638815248303,5.0,7.588068908010227,Safe,0,0,1,5.925770692162589,0.9,0.6666666666666667,0.0758395694228269,1.0,13.77597342593824,21553895.82218625,43107791.6443725,64661687.46655876,0.064125,0.12825,0.192375,7.376456408010227,7.164843908010226,6.953231408010227,0,0,0,-0.975,-1.804,5,0,0,1,0,3
MAR037,TIMAR,Transport & Logistique,Casablanca-Settat,2023,374.567,299.65360000000004,449.4804,2022.0,802616765461.0,33.0,404.0,8723112256884.013,TIM,2006,-0.3999999999999999,2.0,2.0,10.0,1.0785787322428295,15.99857873224283,Safe,0,0,1,5.925770692162589,0.0881017281287459,0.6666666666666667,1.0,-0.5,7.588068908010227,25.9065,51.813,77.71950000000001,0.064125,0.12825,0.192375,15.78696623224283,15.57535373224283,15.36374123224283,0,0,0,-1.624,-2.126,6,3,1,1,1,1
MAR038,Afriquia Gaz,Transport & Logistique,Casablanca-Settat,2019,399237372899.0,319389898319.2,479084847478.8001,397291899.61,7736958471429.5,359313635609.10004,63924936089585.0,10.0,AGZ,2000,-0.4000000000000001,0.0009951270261226,2.0,3.2568772696594616e-11,5.0,11.121393177856111,Safe,0,0,1,26.712821996488163,0.9000000000000001,0.6666666666666666,1.0,,,4099186526744.638,8198373053489.276,12297559580233.916,0.064125,0.12825,0.192375,10.909780677856112,10.698168177856113,10.486555677856112,0,0,0,-0.057,-0.884,2,1,0,0,0,7
MAR038,Afriquia Gaz,Transport & Logistique,Casablanca-Settat,2021,37463944385118.5,29971155508094.8,11191381584523.0,747366930.19,7334767992939.0,20243024306820.1,35732588.0,32719748148766.96,AGZ,2000,0.5012759396213373,1.994896539743078e-05,0.1957820542743633,1.616346829052777,9.537860624786153e-07,2.217448886420289,Grey,0,1,0,31.25440010332008,0.5403335030270084,2.67805679591366,0.1957820542743633,-0.5,11.121393177856111,2291352.2055,4582704.411,6874056.6165000005,0.064125,0.12825,0.192375,2.005836386420289,1.7942238864202888,1.5826113864202886,0,1,1,-0.975,-1.804,5,0,0,1,0,3
MAR038,Afriquia Gaz,Transport & Logistique,Casablanca-Settat,2023,4836284956032.48,3869027964825.984,5184810642503.0,874333761.73,802616765461.0,245173241883.0,95078578142654.0,8723112256884.013,AGZ,2000,-0.2720647541737157,0.0001807862377173,0.1659572942367397,10.0,5.0,11.221434466705588,Safe,0,0,1,29.20716797085592,0.0506945401505314,0.7462235810714557,0.1659572942367397,1.0,2.217448886420289,6096913823397.688,12193827646795.377,18290741470193.062,0.064125,0.12825,0.192375,11.009821966705587,10.798209466705588,10.586596966705589,0,0,0,-1.624,-2.126,6,3,1,1,1,1
MAR038,Afriquia Gaz,Transport & Logistique,Casablanca-Settat,2024,49559857336615.69,32380003139295.0,36814763634417.0,27.0,76546195793325.1,2907403058565.2,40483284.9,88639663128295.92,AGZ,2000,-0.0894829148720232,5.447957571107036e-13,1.5445200996729147,10.0,8.168563647194005e-07,10.989537647931318,Safe,0,0,1,31.534202294085983,0.0586644759450742,0.8795385313576731,1.0,-0.5,11.221434466705588,2595990.6442125,5191981.288425,7787971.932637501,0.064125,0.12825,0.192375,10.77792514793132,10.566312647931316,10.354700147931318,0,0,0,-0.368,-1.164,1,1,0,0,0,6
MAR039,Snep,Chimie & Parachimie,Casablanca-Settat,2019,12575491297954.0,478228703.57,373796966.76,100000000.0,11771591021.0,18.4,938248903.53,26408531725664.76,SNP,2000,8.30438623316377e-06,7.951975603233071e-06,0.0009360740461022,10.0,7.460932390630739e-05,6.003184751705368,Safe,0,0,1,30.16277090057096,7.412673219954983e-12,1.2793809102176354,0.0009360740461022,,,68750188.40616076,137500376.8123215,206250565.21848223,0.073275,0.14655,0.219825,5.761377251705368,5.519569751705368,5.277762251705369,0,0,0,-0.057,-0.884,2,1,0,0,0,7
MAR039,Snep,Chimie & Parachimie,Casablanca-Settat,2020,14670031257549.0,513666721.43,379536870.01,300480334.35,14670031257549.0,1946768368.43,1641041.22,30802977427279.2,SNP,2000,9.14311967474361e-06,2.0482596735802924e-05,1.0,10.0,1.1186351216228953e-07,9.300039759242551,Safe,0,0,1,30.31682783879344,0.0001327037641742,1.353404008987232,1.0,-0.5,6.003184751705368,120247.2953955,240494.590791,360741.8861865,0.073275,0.14655,0.219825,9.058232259242551,8.816424759242551,8.574617259242551,0,0,0,0.283,-0.132,0,0,0,0,0,8
MAR039,Snep,Chimie & Parachimie,Casablanca-Settat,2021,734.101,587.2808,534.09,100.0,213.074,415.0,93.501,670.1121,SNP,2000,0.0724570597233895,0.136221037704621,0.2902516138787442,1.614727951807229,0.1273680324641977,2.331693053802928,Grey,0,1,0,6.59864662132804,0.5653173064741772,1.0995914546237524,0.2902516138787442,-0.5,9.300039759242551,6.851285775000001,13.702571550000002,20.553857325000003,0.073275,0.14655,0.219825,2.089885553802928,1.848078053802928,1.6062705538029278,0,0,1,-0.975,-1.804,5,0,0,1,0,3
MAR039,Snep,Chimie & Parachimie,Casablanca-Settat,2022,17616451734101.0,505.352,474.25,446232959.71,152.972,130.585,107.442,36994548641337.88,SNP,2000,1.765508768136001e-12,2.533046759048564e-05,8.683473965638885e-12,10.0,6.098958043407767e-12,6.0000354626915,Safe,0,0,1,30.49985433897819,7.412673219954983e-12,1.0655814443858724,8.683473965638885e-12,0.1491000096255654,2.331693053802928,7.87281255,15.7456251,23.61843765,0.073275,0.14655,0.219825,5.7582279626915,5.516420462691499,5.274612962691499,0,0,0,-1.207,-2.073,4,2,1,1,0,2
MAR039,Snep,Chimie & Parachimie,Casablanca-Settat,2023,717.305,573.8439999999999,156.353,494913231.34,13.463,441.995,356.8,578.151,SNP,2000,0.5820271711475592,2.0,0.018768864011822,1.308048733582959,0.4974174165801159,4.842616513345974,Safe,0,0,1,6.575501133692229,0.6161883717526018,3.670182215883289,0.018768864011822,1.0,6.0000354626915,26.144520000000004,52.28904000000001,78.43356000000001,0.073275,0.14655,0.219825,4.600809013345974,4.359001513345974,4.117194013345975,0,0,0,-1.624,-2.126,6,3,1,1,1,1
MAR039,Snep,Chimie & Parachimie,Casablanca-Settat,2024,600.0,480.0,720.0,438153639.17,-10709.0,540.0,794476633333.0,10.0,SNP,2000,-0.4,2.0,-2.0,0.0185185185185185,5.0,0.7311111111111117,Distress,1,0,0,6.396929655216146,0.9,0.6666666666666666,-1.0,1.0,4.842616513345974,58215275307.47558,116430550614.95116,174645825922.42673,0.073275,0.14655,0.219825,0.4893036111111117,0.2474961111111117,0.0056886111111117,1,1,1,-0.368,-1.164,1,1,0,0,0,6
MAR040,Sothema,Chimie & Parachimie,Casablanca-Settat,2020,7335227337509.5,688445771.94,409547126.33,300480334.35,14670031257549.0,1065018209.43,1809916361.81,30802977427279.2,SOT,2005,3.802181347315861e-05,4.096401113752268e-05,1.9999422761626169,10.0,0.0002467430494696,12.600159230177866,Safe,0,0,1,29.6237095205687,0.0001451922565486,1.6809928032196042,1.0,,,132621621.41162775,265243242.8232555,397864864.2348833,0.073275,0.14655,0.219825,12.358351730177866,12.116544230177864,11.874736730177863,0,0,0,0.283,-0.132,0,0,0,0,0,8
MAR040,Sothema,Chimie & Parachimie,Casablanca-Settat,2021,62.0,49.6,74.4,-828735.0,420853359692.0,55.8,93.501,10.0,SOT,2005,-0.4000000000000001,-2.0,2.0,0.1792114695340501,1.5080806451612905,4.9356075268817206,Safe,0,0,1,4.127134385045092,0.8999999999999999,0.6666666666666666,1.0,-0.5,12.600159230177866,6.851285775000001,13.702571550000002,20.553857325000003,0.073275,0.14655,0.219825,4.69380002688172,4.45199252688172,4.210185026881721,0,0,0,-0.975,-1.804,5,0,0,1,0,3
MAR040,Sothema,Chimie & Parachimie,Casablanca-Settat,2022,423417470.0,338733976.0,474.25,-2727266.0,44828997619.9,31.0,107.442,889176621.9000001,SOT,2005,0.7999988799470178,-0.0064410804778555,2.0,10.0,2.5374956777291213e-07,13.55098139701699,Safe,0,0,1,19.863869177032523,7.321379535898697e-08,10.0,1.0,0.1491000096255654,4.9356075268817206,7.87281255,15.7456251,23.61843765,0.073275,0.14655,0.219825,13.30917389701699,13.06736639701699,12.82555889701699,0,0,0,-1.207,-2.073,4,2,1,1,0,2
MAR040,Sothema,Chimie & Parachimie,Casablanca-Settat,2023,417470448.0,79.964,119.946,-2383724.0,41234738817.5,31.0,422106584.585,876687875.7,SOT,2005,-9.57720485163539e-08,-0.0057099227296682,2.0,10.0,1.0111053048358527,13.60311129808786,Safe,0,0,1,19.8497243165164,7.425675313908686e-08,0.6666666666666666,1.0,1.0,13.55098139701699,30929859.98546588,61859719.97093175,92789579.95639762,0.073275,0.14655,0.219825,13.36130379808786,13.11949629808786,12.87768879808786,0,0,0,-1.624,-2.126,6,3,1,1,1,1
MAR040,Sothema,Chimie & Parachimie,Casablanca-Settat,2024,470448499.0,376358799.2000001,564538198.8000001,783419371.59,529783431603.0,31.0,2991627908.0,987941782.8,SOT,2005,-0.4000000000000001,1.6652606465006492,2.0,10.0,5.0,19.45136490510091,Safe,0,0,1,19.969197050849733,6.589456670792779e-08,0.6666666666666666,1.0,1.0,13.60311129808786,219211534.95870003,438423069.91740006,657634604.8761001,0.073275,0.14655,0.219825,19.20955740510091,18.96774990510091,18.72594240510091,0,0,0,-0.368,-1.164,1,1,0,0,0,6
MAR041,Promopharm,Chimie & Parachimie,Casablanca-Settat,2020,423417470.0,338733976.0,394541998.17,300480334.35,14670031257549.0,381075723.0,905778701.515,30802977427279.2,PRP,2006,-0.1318037778885222,0.7096550228548671,2.0,10.0,2.139209564298328,15.574562062828914,Safe,0,0,1,19.863869177032523,0.9,0.8585498567228488,1.0,,,66370934.35351163,132741868.70702326,199112803.0605349,0.073275,0.14655,0.219825,15.332754562828914,15.090947062828914,14.849139562828912,0,0,0,0.283,-0.132,0,0,0,0,0,8
MAR041,Promopharm,Chimie & Parachimie,Casablanca-Settat,2021,423417470.0,338733976.0,534.09,-414317.5,210426679952.537,381075723.0,93.501,340.05605,PRP,2006,0.7999987386207754,-0.0009785082793111,2.0,8.923582098668616e-07,2.208246154793755e-07,7.558629330993436,Safe,0,0,1,19.863869177032523,0.9,10.0,1.0,-0.5,15.574562062828914,6.851285775000001,13.702571550000002,20.553857325000003,0.073275,0.14655,0.219825,7.316821830993436,7.075014330993436,6.833206830993436,0,0,0,-0.975,-1.804,5,0,0,1,0,3
MAR041,Promopharm,Chimie & Parachimie,Casablanca-Settat,2022,423417470.0,338733976.0,474.25,221752846.855,22414498886.436,80.7925,107.442,18497718908979.89,PRP,2006,0.7999988799470178,0.5237215338682175,2.0,10.0,2.5374956777291213e-07,14.293209057101492,Safe,0,0,1,19.863869177032523,1.9081050198519208e-07,10.0,1.0,0.1491000096255654,7.558629330993436,7.87281255,15.7456251,23.61843765,0.073275,0.14655,0.219825,14.051401557101492,13.809594057101492,13.567786557101492,0,0,0,-1.207,-2.073,4,2,1,1,0,2
MAR041,Promopharm,Chimie & Parachimie,Casablanca-Settat,2023,423417470.0,326986710.48,355480386.73,100.0,20617369415.4815,381075723.0,844212812.37,438344226.9255,PRP,2006,-0.0672945219997653,2.3617353341608697e-07,2.0,1.1502811658393155,1.9938072285255493,9.203222832272369,Safe,0,0,1,19.863869177032523,0.9,0.9198445897054738,1.0,1.0,14.293209057101492,61859693.82641176,123719387.65282352,185579081.4792353,0.073275,0.14655,0.219825,8.961415332272368,8.719607832272368,8.477800332272368,0,0,0,-1.624,-2.126,6,3,1,1,1,1
MAR041,Promopharm,Chimie & Parachimie,Casablanca-Settat,2024,423417470.0,328361567.59,354188874.76,56757190.98,264891710447.0,227569236.68,971718722.43,493970896.4,PRP,2006,-0.0609972639296154,0.1340454634051825,2.0,2.1706400373201795,2.294942441628589,10.311793396072414,Safe,0,0,1,19.863869177032523,0.5374583072351738,0.9270804110165778,1.0,0.1510352700073887,9.203222832272369,71202689.38605826,142405378.7721165,213608068.15817475,0.073275,0.14655,0.219825,10.069985896072414,9.828178396072412,9.586370896072411,0,0,0,-0.368,-1.164,1,1,0,0,0,6
MAR045,Ennakl Automobiles,Industrie (autres),Casablanca-Settat,2023,31.0,24.8,37.2,3000000.0,102002124786.0,27.9,59102122704278.0,10.0,ENA,2012,-0.4000000000000001,2.0,2.0,0.3584229390681003,5.0,14.13505376344086,Safe,0,0,1,3.4339872044851463,0.8999999999999999,0.6666666666666666,1.0,,,2706877219855.9326,5413754439711.865,8120631659567.797,0.0458,0.0916,0.1374,13.98391376344086,13.83277376344086,13.68163376344086,0,0,0,-1.624,-2.126,6,3,1,1,1,1
MAR045,Ennakl Automobiles,Industrie (autres),Casablanca-Settat,2024,31.0,24.8,37.2,39538423.1295,249799292842.0,27.9,36628158.33,10.0,ENA,2012,-0.4000000000000001,2.0,2.0,0.3584229390681003,5.0,14.13505376344086,Safe,0,0,1,3.4339872044851463,0.8999999999999999,0.6666666666666666,1.0,-0.5,14.13505376344086,1677569.651514,3355139.303028,5032708.954542,0.0458,0.0916,0.1374,13.98391376344086,13.83277376344086,13.68163376344086,0,0,0,-0.368,-1.164,1,1,0,0,0,6
MAR046,Jet Contractors,Industrie (autres),Rabat-Sale-Kenitra,2019,31.0,24.8,10.0,95.738,-268.2,10.0,711.0,33.6,JET,2014,0.4774193548387097,2.0,-2.0,3.3600000000000003,5.0,3.788903225806452,Safe,0,0,1,3.4339872044851463,0.3225806451612903,2.48,-1.0,,,32.5638,65.1276,97.6914,0.0458,0.0916,0.1374,3.637763225806452,3.486623225806452,3.335483225806452,0,0,0,-0.23,-0.916,2,0,0,0,0,6
MAR046,Jet Contractors,Industrie (autres),Rabat-Sale-Kenitra,2020,3187943989.05,2395643813.22,1268272999.25,3000000.0,131976.0,186994948.07,10627970.99,4801518465.568,JET,2014,0.3536357030871027,0.0009410453917334,4.139846887313994e-05,10.0,0.0033338010412055,6.429150723241437,Safe,0,0,1,21.88264202841326,0.0586569113862392,1.8889023220053385,4.139846887313994e-05,1.0,3.788903225806452,486761.071342,973522.142684,1460283.214026,0.0458,0.0916,0.1374,6.2780107232414375,6.126870723241438,5.975730723241437,0,0,0,0.484,-0.344,2,1,0,0,0,9
MAR046,Jet Contractors,Industrie (autres),Rabat-Sale-Kenitra,2021,31.0,24.8,37.2,3000000.0,-247.829,27.9,11.0,10.0,JET,2014,-0.4000000000000001,2.0,-2.0,0.3584229390681003,0.3548387096774194,-1.039624228895234,Distress,1,0,0,3.4339872044851463,0.8999999999999999,0.6666666666666666,-1.0,-0.5,6.429150723241437,0.5038,1.0076,1.5114,0.0458,0.0916,0.1374,-1.190764228895234,-1.341904228895234,-1.493044228895234,1,1,1,-0.682,-1.328,4,0,0,1,0,4
MAR046,Jet Contractors,Industrie (autres),Rabat-Sale-Kenitra,2022,31.0,24.8,37.2,3000000.0,-161.0,27.9,904011325.605,10.0,JET,2014,-0.4000000000000001,2.0,-2.0,0.3584229390681003,5.0,0.9350537634408608,Distress,1,0,0,3.4339872044851463,0.8999999999999999,0.6666666666666666,-1.0,1.0,-1.039624228895234,41403718.712709,82807437.425418,124211156.138127,0.0458,0.0916,0.1374,0.7839137634408608,0.6327737634408608,0.4816337634408608,1,1,1,-1.828,-2.415,5,3,1,1,1,1
MAR046,Jet Contractors,Industrie (autres),Rabat-Sale-Kenitra,2023,31.0,24.8,37.2,3000000.0,102002124786.0,27.9,1808022640.21,10.0,JET,2014,-0.4000000000000001,2.0,2.0,0.3584229390681003,5.0,14.13505376344086,Safe,0,0,1,3.4339872044851463,0.8999999999999999,0.6666666666666666,1.0,0.9999999878320108,0.9350537634408608,82807436.921618,165614873.843236,248422310.764854,0.0458,0.0916,0.1374,13.98391376344086,13.83277376344086,13.68163376344086,0,0,0,-1.242,-1.997,3,0,1,1,0,2
MAR046,Jet Contractors,Industrie (autres),Rabat-Sale-Kenitra,2024,31.0,24.8,37.2,484720453.24,249799292842.0,27.9,36628158.33,10.0,JET,2014,-0.4000000000000001,2.0,2.0,0.3584229390681003,5.0,14.13505376344086,Safe,0,0,1,3.4339872044851463,0.8999999999999999,0.6666666666666666,1.0,-0.5,14.13505376344086,1677569.651514,3355139.303028,5032708.954542,0.0458,0.0916,0.1374,13.98391376344086,13.83277376344086,13.68163376344086,0,0,0,-0.702,-1.358,1,0,0,1,0,4
MAR047,Involys,Industrie (autres),Casablanca-Settat,2021,2023.5,100.38,13.026,61.728,-247.829,162.801,69.364,14.344000000000008,INV,2006,0.0431697553743513,0.0305055596738324,-0.1224754138868297,0.0881075669068372,0.0342792191746973,-0.2225136165151513,Distress,1,0,0,7.61258396431592,0.080455151964418,7.706126209120221,-0.1224754138868297,,,3.1768712000000003,6.353742400000001,9.5306136,0.0458,0.0916,0.1374,-0.3736536165151513,-0.5247936165151513,-0.6759336165151513,1,1,1,-0.975,-1.804,5,0,0,1,0,3
MAR049,Fenie Brossette,Industrie (autres),Casablanca-Settat,2020,544850533397.0,1399025086.0449998,813827360.42,2020.0,131976.0,31.0,0.0,2400759237.784,FBR,2000,0.0010740518541414,3.7074387858369716e-09,2.422242283166436e-07,10.0,2.1970816512088533e-12,6.001289666757534,Safe,0,0,1,27.023777343348364,5.6896337802448575e-11,1.7190686306282343,2.422242283166436e-07,,,0.0,0.0,0.0,0.0,0.0,0.0,6.001289666757534,6.001289666757534,6.001289666757534,0,0,0,0.283,-0.132,0,0,0,0,0,8
MAR049,Fenie Brossette,Industrie (autres),Casablanca-Settat,2021,544850533397.0,320189159.34,526445.0,1500311.1505,-247.829,23247796.44,6164.0,14.344000000000008,FBR,2000,0.0005866979928366,2.753619678310589e-06,-4.5485685487880736e-10,6.170047142756214e-07,1.1313194394009453e-08,0.0007082726739489,Distress,1,0,0,27.023777343348364,4.2668209013316175e-05,10.0,-4.5485685487880736e-10,,6.001289666757534,282.3112,564.6224,846.9336,0.0458,0.0916,0.1374,-0.1504317273260511,-0.3015717273260511,-0.452711727326051,1,1,1,-0.975,-1.804,5,0,0,1,0,3
MAR049,Fenie Brossette,Industrie (autres),Casablanca-Settat,2022,544850533397.0,1500514120.9650002,1542301414.94,2311150.855,-161.0,484095014.465,360260967.785,10.0,FBR,2000,-7.669496754360705e-05,4.241807088983801e-06,-2.9549388342562e-10,2.0657101810997893e-08,0.0006612106361333,0.0005751266241368,Distress,1,0,0,27.023777343348364,0.0008884914023058,0.972905883655287,-2.9549388342562e-10,1.0,0.0007082726739489,16499952.324553002,32999904.649106003,49499856.973659,0.0458,0.0916,0.1374,-0.1505648733758632,-0.3017048733758632,-0.4528448733758631,1,1,1,-1.207,-2.073,4,2,1,1,0,2
MAR049,Fenie Brossette,Industrie (autres),Casablanca-Settat,2023,544850533397.0,463067593.93,304744253.32,37968940.64,102002124786.0,250126313.17,1281010927.11,871360651334.128,FBR,2000,0.0002905812344954,6.968689266627606e-05,0.1872112047868312,10.0,0.0023511235624993,6.620594358490169,Safe,0,0,1,27.023777343348364,0.0004590732647548,1.519528551843604,0.1872112047868312,1.0,0.0005751266241368,58670300.461638,117340600.923276,176010901.38491398,0.0458,0.0916,0.1374,6.469454358490169,6.318314358490169,6.167174358490168,0,0,0,-1.624,-2.126,6,3,1,1,1,1
MAR049,Fenie Brossette,Industrie (autres),Casablanca-Settat,2024,544850533397.0,521.842,383.103,37.968,249799292842.0,255.887,36628158.33,10.0,FBR,2000,2.5463680678625517e-10,6.968516624785055e-11,0.4584730628500389,0.0390797500459187,6.722606675565325e-05,1.5364761839025585,Distress,1,0,0,27.023777343348364,4.696462319759729e-10,1.3621454282529764,0.4584730628500389,-0.5,6.620594358490169,1677569.651514,3355139.303028,5032708.954542,0.0458,0.0916,0.1374,1.3853361839025584,1.2341961839025584,1.0830561839025583,1,1,1,-0.368,-1.164,1,1,0,0,0,6
MAR050,AFMA,Industrie (autres),Casablanca-Settat,2020,9234274940.0,7387419952.0,813827360.42,1183212112.0,131976.0,200927737.0,179760555.15,14453355524.8,AFM,2000,0.7118688401950484,0.128132649253781,1.4291972120986036e-05,10.0,0.0194666669898828,7.053142147687233,Safe,0,0,1,22.94618793533345,0.0217589077979088,9.077379689210131,1.4291972120986036e-05,,,8233033.42587,16466066.85174,24699100.27761,0.0458,0.0916,0.1374,6.9020021476872335,6.750862147687234,6.599722147687233,0,0,0,0.283,-0.132,0,0,0,0,0,8
MAR050,AFMA,Industrie (autres),Casablanca-Settat,2021,1329834292.0,1063867433.6,643.685,3621283211.0,-247.829,62289701.0,6164.0,2028071345.6,AFM,2000,0.7999995159660088,2.0,-1.8636081314107066e-07,10.0,4.63516397274556e-06,9.7600034393325,Safe,0,0,1,21.008320178936582,0.0468401975905731,10.0,-1.8636081314107066e-07,-0.5,7.053142147687233,282.3112,564.6224,846.9336,0.0458,0.0916,0.1374,9.6088634393325,9.4577234393325,9.3065834393325,0,0,0,-0.975,-1.804,5,0,0,1,0,3
MAR050,AFMA,Industrie (autres),Casablanca-Settat,2024,119973110763.0,95978488610.4,1204.0515,2015918335.0,249799292842.0,1549521853.0,286.0,189477742256.0,AFM,2000,0.7999999859092255,0.0168030846427107,2.0,10.0,2.38386750315224e-09,13.583524303974732,Safe,0,0,1,25.51053347764446,0.0129155761915767,10.0,1.0,-0.5,9.7600034393325,13.0988,26.1976,39.2964,0.0458,0.0916,0.1374,13.432384303974732,13.281244303974733,13.130104303974733,0,0,0,-0.368,-1.164,1,1,0,0,0,6
MAR051,Med Paper,Industrie (autres),Casablanca-Settat,2019,2023.5,1618.8000000000002,10.0,857.083,-268.2,1821.15,100000.0,33.6,MDP,2000,0.7950580677044725,0.423564615764764,-0.1325426241660489,0.0184498805699695,5.0,6.120739411910057,Safe,0,0,1,7.61258396431592,0.9,10.0,-0.1325426241660489,,,4580.0,9160.0,13740.0,0.0458,0.0916,0.1374,5.969599411910057,5.818459411910057,5.667319411910057,0,0,0,-0.057,-0.884,2,1,0,0,0,7
MAR051,Med Paper,Industrie (autres),Casablanca-Settat,2020,2023.5,1618.8000000000002,2428.2000000000003,-493848360.19,131976.0,1821.15,20192020.0,2400759237.784,MDP,2000,-0.4,-2.0,2.0,10.0,5.0,14.32,Safe,0,0,1,7.61258396431592,0.9,0.6666666666666666,1.0,1.0,6.120739411910057,924794.516,1849589.032,2774383.548,0.0458,0.0916,0.1374,14.16886,14.01772,13.86658,0,0,0,0.283,-0.132,0,0,0,0,0,8
MAR051,Med Paper,Industrie (autres),Casablanca-Settat,2021,2023.5,1618.8000000000002,643.685,-502410481.55,-247.829,1821.15,20202021.0,14.344000000000008,MDP,2000,0.4818952310353349,-2.0,-0.1224754138868297,0.0078763418718941,5.0,2.3788312165390004,Grey,0,1,0,7.61258396431592,0.9,2.5148947078151584,-0.1224754138868297,0.0004952946758174,14.32,925252.5618,1850505.1236,2775757.6854,0.0458,0.0916,0.1374,2.2276912165390006,2.0765512165390003,1.9254112165390005,0,0,0,-0.975,-1.804,5,0,0,1,0,3
MAR051,Med Paper,Industrie (autres),Casablanca-Settat,2022,2023.5,1618.8000000000002,2428.2000000000003,-34570589.92,-161.0,1821.15,20212022.0,10.0,MDP,2000,-0.4,-2.0,-0.0795651099579935,0.0054910358839195,5.0,1.4607297586689731,Distress,1,0,0,7.61258396431592,0.9,0.6666666666666666,-0.0795651099579935,0.0004950494804456,2.3788312165390004,925710.6076,1851421.2152,2777131.8228,0.0458,0.0916,0.1374,1.309589758668973,1.158449758668973,1.0073097586689732,1,1,1,-1.207,-2.073,4,2,1,1,0,2
MAR051,Med Paper,Industrie (autres),Casablanca-Settat,2024,2023.5,1618.8000000000002,1204.0515,390.599,249799292842.0,430.259,101.768,10.0,MDP,2000,0.2049659006671609,0.1930313812700766,2.0,0.0232418148138679,0.0502930565851247,7.180441160052145,Safe,0,0,1,7.61258396431592,0.2126310847541389,1.3444607643443824,1.0,-0.5,1.4607297586689731,4.6609744,9.3219488,13.9829232,0.0458,0.0916,0.1374,7.029301160052145,6.878161160052145,6.727021160052145,0,0,0,-0.368,-1.164,1,1,0,0,0,6
MAR052,Rebab Company,Industrie (autres),Casablanca-Settat,2019,11.256,9.004800000000001,10.0,476.4105,-268.2,10.1304,90.0,33.6,REB,2016,-0.088415067519545,2.0,-2.0,3.316749585406302,5.0,3.083951670220327,Safe,0,0,1,2.420901319812088,0.9,0.9004800000000002,-1.0,,,4.122,8.244,12.366,0.0458,0.0916,0.1374,2.932811670220328,2.781671670220327,2.630531670220327,0,0,0,-0.057,-0.884,2,1,0,0,0,7
MAR052,Rebab Company,Industrie (autres),Casablanca-Settat,2020,11.256,9.004800000000001,11.111,73.338,-340.0,10.1304,4590.0,2400759237.784,REB,2016,-0.1871179815209665,2.0,-2.0,10.0,5.0,6.975458422174841,Safe,0,0,1,2.420901319812088,0.9,0.8104401044010441,-1.0,1.0,3.083951670220327,210.222,420.444,630.6659999999999,0.0458,0.0916,0.1374,6.824318422174841,6.673178422174841,6.522038422174841,0,0,0,0.283,-0.132,0,0,0,0,0,8
MAR052,Rebab Company,Industrie (autres),Casablanca-Settat,2021,53.237,42.5896,63.8844,622.301,-358.0,44.272,6164.0,14.344000000000008,REB,2016,-0.4,2.0,-2.0,0.3239971087820746,5.0,0.9143982652692452,Distress,1,0,0,3.974753643329201,0.8316020812592745,0.6666666666666666,-1.0,0.3429193899782135,6.975458422174841,282.3112,564.6224,846.9336,0.0458,0.0916,0.1374,0.7632582652692452,0.6121182652692452,0.4609782652692452,1,1,1,-0.975,-1.804,5,0,0,1,0,3
MAR052,Rebab Company,Industrie (autres),Casablanca-Settat,2022,46.5015,37.2012,55.8018,1622301.71,-161.0,41.85135,23561173.0,10.0,REB,2016,-0.4,2.0,-2.0,0.238940918273843,5.0,0.8633645509643069,Distress,1,0,0,3.839484570137546,0.8999999999999999,0.6666666666666666,-1.0,1.0,0.9143982652692452,1079101.7234,2158203.4468,3237305.1702,0.0458,0.0916,0.1374,0.7122245509643068,0.5610845509643069,0.4099445509643069,1,1,1,-1.207,-2.073,4,2,1,1,0,2
MAR052,Rebab Company,Industrie (autres),Casablanca-Settat,2023,39.766,22.502,33.753,622.301,-227.0,17.072,164235.0,36.3104,REB,2016,-0.2829301413267616,2.0,-2.0,2.1268978444236177,5.0,2.136622537062057,Grey,0,1,0,3.6830122758358894,0.4293114721118543,0.6666666666666666,-1.0,-0.5,0.8633645509643069,7521.963,15043.926,22565.889,0.0458,0.0916,0.1374,1.985482537062057,1.834342537062057,1.6832025370620571,0,0,1,-1.624,-2.126,6,3,1,1,1,1
MAR053,Risma,Industrie (autres),Casablanca-Settat,2020,34353250.0,27482600.0,41223900.0,-28978.0,264292.0,30917925.0,1424968503044.0,10.0,RIS,2006,-0.4,-0.0008435300881284,0.0076933623456295,3.2343697062464573e-07,5.0,4.5442073476793805,Safe,0,0,1,17.352207186421904,0.9,0.6666666666666666,0.0076933623456295,,,65263557439.4152,130527114878.8304,195790672318.2456,0.0458,0.0916,0.1374,4.393067347679381,4.241927347679381,4.090787347679381,0,0,0,0.283,-0.132,0,0,0,0,0,8
MAR053,Risma,Industrie (autres),Casablanca-Settat,2021,250.23,200.184,300.276,107.723,-137.658,153.091,11.0,155.42239999999998,RIS,2006,-0.4000000000000001,0.4304959437317668,-0.5501258841865484,1.0152288508142215,0.0439595572073692,-1.039624228895234,Distress,1,0,0,5.52238049492163,0.6118011429484874,0.6666666666666666,-0.5501258841865484,-0.5,4.5442073476793805,0.5038,1.0076,1.5114,0.0458,0.0916,0.1374,-1.190764228895234,-1.341904228895234,-1.493044228895234,1,1,1,-0.975,-1.804,5,0,0,1,0,3
MAR053,Risma,Industrie (autres),Casablanca-Settat,2022,23111255.0,18489004.0,27733506.0,-195209.0,-83516.0,20800129.5,360260967.785,10.0,RIS,2006,-0.4,-0.0084464906817046,-0.0036136505784735,4.807662375371268e-07,5.0,4.496250154596393,Safe,0,0,1,16.95583028627153,0.9,0.6666666666666666,-0.0036136505784735,1.0,-1.039624228895234,16499952.324553002,32999904.649106003,49499856.973659,0.0458,0.0916,0.1374,4.3451101545963935,4.193970154596394,4.042830154596393,0,0,0,-1.207,-2.073,4,2,1,1,0,2
MAR053,Risma,Industrie (autres),Casablanca-Settat,2023,414.0,331.20000000000005,496.80000000000007,-367034.0,204004249799.0,372.6,1281010927.11,10.0,RIS,2006,-0.4000000000000001,-2.0,2.0,0.026838432635534,5.0,8.33610305958132,Safe,0,0,1,6.025865973825314,0.9,0.6666666666666666,1.0,1.0,4.496250154596393,58670300.461638,117340600.923276,176010901.38491398,0.0458,0.0916,0.1374,8.184963059581321,8.033823059581321,7.882683059581321,0,0,0,-1.624,-2.126,6,3,1,1,1,1
MAR053,Risma,Industrie (autres),Casablanca-Settat,2024,3809.0,3047.2000000000003,1204.0515,-198111.0,249799292842.0,3428.1,11745151263775.0,10.0,RIS,2006,0.4838930165397743,-2.0,2.0,0.0029170677634841,5.0,9.38242186050582,Safe,0,0,1,8.245121966478605,0.9,2.5307887577898454,1.0,1.0,8.33610305958132,537927927880.895,1075855855761.79,1613783783642.6848,0.0458,0.0916,0.1374,9.23128186050582,9.08014186050582,8.92900186050582,0,0,0,-0.368,-1.164,1,1,0,0,0,6
MAR054,Microdata,Industrie (autres),Casablanca-Settat,2020,1611148619.525,17.7,26.55,69501123.15,131976.0,1818.0,656318664.54,10.0,MIC,2008,-5.49297556584765e-09,0.0431376238714032,8.191423087890504e-05,0.0055005500550055,0.407360721777173,0.4713240356004705,Distress,1,0,0,21.200213189850203,1.1283875230181956e-06,0.6666666666666667,8.191423087890504e-05,,,30059394.835932,60118789.671864,90178184.507796,0.0458,0.0916,0.1374,0.3201840356004705,0.1690440356004705,0.0179040356004705,1,1,1,0.283,-0.132,0,0,0,0,0,8
MAR054,Microdata,Industrie (autres),Casablanca-Settat,2021,2023.5,17.4,14.7,78179019.31,-247.829,1818.9,541091531.85,10.0,MIC,2008,0.0013343217197924,2.0,-0.1224754138868297,0.0054978283577986,5.0,7.400731017251892,Safe,0,0,1,7.61258396431592,0.8988880652335064,1.183673469387755,-0.1224754138868297,-0.1755658324462862,0.4713240356004705,24781992.15873,49563984.31746,74345976.47619,0.0458,0.0916,0.1374,7.249591017251892,7.098451017251892,6.947311017251892,0,0,0,-0.975,-1.804,5,0,0,1,0,3
MAR054,Microdata,Industrie (autres),Casablanca-Settat,2022,2023.5,12.0,18.0,78380248.64,-161.0,1819.8,696960762.57,10.0,MIC,2008,-0.0029651593773165,2.0,-0.0795651099579935,0.0054951093526761,5.0,7.537174011497447,Safe,0,0,1,7.61258396431592,0.8993328391401038,0.6666666666666666,-0.0795651099579935,0.2880644429734111,7.400731017251892,31920802.925706003,63841605.851412006,95762408.777118,0.0458,0.0916,0.1374,7.386034011497447,7.234894011497447,7.083754011497447,0,0,0,-1.207,-2.073,4,2,1,1,0,2
MAR054,Microdata,Industrie (autres),Casablanca-Settat,2023,39.766,31.8128,47.7192,78993647.01,102002124786.0,35.7894,753999214.01,10.0,MIC,2008,-0.4000000000000001,2.0,2.0,0.2794123399665822,5.0,14.087647403979949,Safe,0,0,1,3.6830122758358894,0.9,0.6666666666666666,1.0,0.0818388272385293,7.537174011497447,34533164.001658,69066328.003316,103599492.004974,0.0458,0.0916,0.1374,13.936507403979949,13.785367403979947,13.63422740397995,0,0,0,-1.624,-2.126,6,3,1,1,1,1
MAR054,Microdata,Industrie (autres),Casablanca-Settat,2024,2916.25,16.7,25.05,79076455.66,249799292842.0,1821.6,900445777.78,10.0,MIC,2008,-0.0028632661808829,2.0,2.0,0.0054896794027228,5.0,14.399857888224574,Safe,0,0,1,7.97805382333564,0.6246378054007715,0.6666666666666667,1.0,0.1942264143634209,14.087647403979949,41240416.622324,82480833.244648,123721249.86697198,0.0458,0.0916,0.1374,14.248717888224574,14.097577888224574,13.946437888224574,0,0,0,-0.368,-1.164,1,1,0,0,0,6
MAR055,Eqdom,Industrie (autres),Casablanca-Settat,2020,1611148619.525,1288918895.62,813827360.42,512026751.43,131976.0,193961342.535,21002012366447.0,2400759237.784,EQD,2000,0.294877536089791,0.3178023090017332,8.191423087890504e-05,10.0,5.0,11.799046592872076,Safe,0,0,1,21.200213189850203,0.1203869960750013,1.5837743461399665,8.191423087890504e-05,,,961892166383.2726,1923784332766.545,2885676499149.818,0.0458,0.0916,0.1374,11.647906592872076,11.496766592872076,11.345626592872076,0,0,0,0.283,-0.132,0,0,0,0,0,8
MAR055,Eqdom,Industrie (autres),Casablanca-Settat,2021,94973269698452.0,320189159.34,526445.0,805570805570.0,-247.829,23247796.44,20579752100201.0,14.344000000000008,EQD,2000,3.3658177227651064e-06,0.0084820793063959,-2.6094605438654226e-12,6.170047142756214e-07,0.2166899398698541,0.228569260074293,Distress,1,0,0,32.184616596341435,2.44782521585428e-07,10.0,-2.6094605438654226e-12,-0.0201057050571309,11.799046592872076,942552646189.2058,1885105292378.412,2827657938567.617,0.0458,0.0916,0.1374,0.077429260074293,-0.0737107399257069,-0.2248507399257069,1,1,1,-0.975,-1.804,5,0,0,1,0,3
