firm_id,firm_name,ticker,sector,region,year,zscore,in_distress,zscore_lag1,X1,X2,X3,X4,X5,spei12_mean,spei12_min,drought_months,carbon_burden_low,carbon_burden_mid,carbon_burden_high,spei_x_carbon,log_assets,leverage,liquidity,roa,carbon_cost_low_kMAD,carbon_cost_mid_kMAD,carbon_cost_high_kMAD,sec_Chimie & Parachimie,sec_Distribution & Commerce,sec_Energie & Mines,sec_Immobilier,sec_Industrie (autres),sec_Materiaux de construction,sec_Telecom & Technologies,sec_Transport & Logistique
MAR001,Cosumar,CSR,Agro-alimentaire & Boissons,Casablanca-Settat,2019,3.504180498082549,0,,-0.3999999999999999,2.0,0.1323541448774498,0.0010105144023565,0.7468055113455504,-0.057,-0.884,2,0.027475,0.05495,0.082425,-0.00313215,9.305241377170905,0.9,0.6666666666666667,0.1323541448774498,225.6109625,451.221925,676.8328875,False,False,False,False,False,False,False,False
MAR001,Cosumar,CSR,Agro-alimentaire & Boissons,Casablanca-Settat,2020,0.9177641642404918,1,3.504180498082549,-0.4,0.1749445445723,0.1225651601275474,0.0009627678420136,0.7477991127131569,0.283,-0.132,0,0.027475,0.05495,0.082425,0.015550849999999998,9.353643861749408,0.9,0.6666666666666666,0.1225651601275474,237.11474500000003,474.22949000000006,711.344235,False,False,False,False,False,False,False,False
MAR001,Cosumar,CSR,Agro-alimentaire & Boissons,Casablanca-Settat,2021,-0.0694616120814241,1,0.9177641642404918,-0.4000000000000001,0.0191462983225424,0.1158424720080952,0.0009140960001901,0.0009049550401882,-0.975,-1.804,5,0.0274749999999999,0.0549499999999999,0.082425,-0.0535762499999999,9.4055205676468,0.9000000000000001,0.6666666666666666,0.1158424720080952,0.3022249999999999,0.6044499999999999,0.906675,False,False,False,False,False,False,False,False
MAR001,Cosumar,CSR,Agro-alimentaire & Boissons,Casablanca-Settat,2022,14.476204460759774,0,-0.0694616120814241,-0.4000000000000001,2.0,2.0,0.9270074345996252,5.0,-1.207,-2.073,4,0.0274749999999999,0.0549499999999999,0.082425,-0.06632464999999989,2.483739302035993,0.9000000000000001,0.6666666666666666,1.0,286.6439275,573.2878549999999,859.9317824999999,False,False,False,False,False,False,False,False
MAR001,Cosumar,CSR,Agro-alimentaire & Boissons,Casablanca-Settat,2023,0.872074775795402,1,14.476204460759774,-0.4,0.7112295748510902,0.0955455625907881,0.0007722538460172,0.0405896621466649,-1.624,-2.126,6,0.027475,0.05495,0.082425,-0.08923880000000001,9.574142854555053,0.9,0.6666666666666666,0.0955455625907881,16.0454,32.0908,48.1362,False,False,False,False,False,False,False,False
MAR001,Cosumar,CSR,Agro-alimentaire & Boissons,Casablanca-Settat,2024,2.366021659120396,0,0.872074775795402,-0.4,2.0,0.0052267852887441,0.0008826047431178,0.0282437048216697,-0.368,-1.164,1,0.0274749999999999,0.0549499999999999,0.082425,-0.020221599999999965,9.44057869576626,0.9,0.6666666666666666,0.0052267852887441,9.769011,19.538022,29.307033,False,False,False,False,False,False,False,False
MAR002,Lesieur Cristal,LES,Agro-alimentaire & Boissons,Casablanca-Settat,2019,6.612206537265579,0,,-0.1078128439373782,0.5297003692253687,4.322015698763309e-07,10.0,6.809736114931803e-09,-0.057,-0.884,2,0.0274749999999999,0.0549499999999999,0.082425,-0.0031321499999999946,21.20280773997705,0.0090587430578387,0.8812389088154218,4.322015698763309e-07,0.3022249999999999,0.6044499999999999,0.906675,False,False,False,False,False,False,False,False
MAR002,Lesieur Cristal,LES,Agro-alimentaire & Boissons,Casablanca-Settat,2020,2.3301003101898665,0,6.612206537265579,-0.4000000000000001,2.0,0.0030387826037116,4.548905510589624e-05,4.503416455483728e-05,0.283,-0.132,0,0.0274749999999999,0.0549499999999999,0.082425,0.01555084999999997,12.4059844167185,0.9,0.6666666666666666,0.0030387826037116,0.3022249999999999,0.6044499999999999,0.906675,False,False,False,False,False,False,False,False
MAR002,Lesieur Cristal,LES,Agro-alimentaire & Boissons,Casablanca-Settat,2021,8.92000033552395,0,2.3301003101898665,-0.3999999999999999,2.0,2.0,2.110213523348101e-07,2.08911138811462e-07,-0.975,-1.804,5,0.0274749999999999,0.0549499999999999,0.082425,-0.0535762499999999,17.7792521213426,0.9,0.6666666666666666,1.0,0.3022249999999999,0.6044499999999999,0.906675,False,False,False,False,False,False,False,False
MAR002,Lesieur Cristal,LES,Agro-alimentaire & Boissons,Casablanca-Settat,2022,3.0567099820268737,0,8.92000033552395,-0.4,2.0,0.0045910805335458,1.6484040395228938e-07,0.7215593173619301,-1.207,-2.073,4,0.027475,0.05495,0.082425,-0.06632465,18.026233688558666,0.9,0.6666666666666666,0.0045910805335458,1336298.745075,2672597.49015,4008896.235225,False,False,False,False,False,False,False,False
MAR002,Lesieur Cristal,LES,Agro-alimentaire & Boissons,Casablanca-Settat,2023,2.322931395211125,0,3.0567099820268737,-0.4,2.0,0.0008848861806706,2.1201683430625738e-07,1.1143604811136887e-05,-1.624,-2.126,6,0.027475,0.05495,0.082425,-0.08923880000000001,17.774545766973862,0.9,0.6666666666666666,0.0008848861806706,16.0454,32.0908,48.1362,False,False,False,False,False,False,False,False
MAR002,Lesieur Cristal,LES,Agro-alimentaire & Boissons,Casablanca-Settat,2024,3.912737062936712,0,2.322931395211125,-0.4,2.0,0.4826474205403908,2.090706733305017e-07,4.497110183339091e-07,-0.368,-1.164,1,0.027475,0.05495,0.082425,-0.0202216,17.78853910088656,0.9,0.6666666666666666,0.4826474205403908,0.6566525,1.313305,1.9699575,False,False,False,False,False,False,False,False
MAR003,Centrale Danone,CDM,Agro-alimentaire & Boissons,Casablanca-Settat,2019,2.320243702086429,0,,-0.3999999999999998,2.0,-1.7920462185121533e-06,3.374851635616108e-07,0.0002494133478527,-0.057,-0.884,2,0.027475,0.05495,0.082425,-0.00313215,17.309689896069408,0.9,0.6666666666666667,-1.7920462185121533e-06,225.6109625,451.221925,676.8328875,False,False,False,False,False,False,False,False
MAR003,Centrale Danone,CDM,Agro-alimentaire & Boissons,Casablanca-Settat,2020,2.3201412395942334,0,2.320243702086429,-0.4000000000000001,2.0,2.1689761304796548e-06,3.442819254729611e-07,0.0001338754038478,0.283,-0.132,0,0.027475,0.05495,0.082425,0.015550849999999998,17.289750573079772,0.9,0.6666666666666666,2.1689761304796548e-06,118.708485,237.41697,356.12545500000004,False,False,False,False,False,False,False,False
MAR005,Dari Couspate,DAR,Agro-alimentaire & Boissons,Casablanca-Settat,2019,7.320142111665584,0,,-0.4000000000000001,2.0,4.293988806229596e-05,6.833916312523727e-07,5.0,-0.057,-0.884,2,0.027475,0.05495,0.082425,-0.00313215,16.604143351745112,0.8999999999999999,0.6666666666666666,4.293988806229596e-05,17314506.161748253,34629012.323496506,51943518.48524475,False,False,False,False,False,False,False,False
MAR009,LafargeHolcim Maroc,LHM,Materiaux de construction,Casablanca-Settat,2019,7.256557490004882,0,,-0.180346840140095,0.1062852520988073,2.0,6.9009634498379e-09,0.7241743410940887,-0.057,-0.884,2,0.12595,0.2519,0.37785,-0.014358300000000001,21.1995504133312,0.9,0.6666666666666666,1.0,146855111.72750002,293710223.45500004,440565335.1825,False,False,False,False,False,True,False,False
MAR009,LafargeHolcim Maroc,LHM,Materiaux de construction,Casablanca-Settat,2021,0.3484425141688207,1,7.256557490004882,0.0693724577458221,0.1012412746168647,0.0029964465087511,1.0822518382577527e-09,0.1135695062819936,-0.975,-1.804,5,0.12595,0.2519,0.37785,-0.2456025,23.05216753970791,0.8999999999999999,10.0,0.0029964465087511,146855111.72750002,293710223.45500004,440565335.1825,False,False,False,False,False,True,False,False
MAR009,LafargeHolcim Maroc,LHM,Materiaux de construction,Casablanca-Settat,2022,13.925397236614852,0,0.3484425141688207,-0.4000000000000001,2.0,2.0,0.0089953943580886,5.0,-1.207,-2.073,4,0.12595,0.2519,0.3778500000000001,-0.3040433,7.118988179270512,0.9,0.6666666666666666,1.0,193848747.4803,387697494.9606,581546242.4409001,False,False,False,False,False,True,False,False
MAR009,LafargeHolcim Maroc,LHM,Materiaux de construction,Casablanca-Settat,2023,15.253333333333334,0,13.925397236614852,-0.4,2.0,2.0,2.2222222222222223,5.0,-1.624,-2.126,6,0.12595,0.2519,0.3778500000000001,-0.40908560000000005,1.6094379124341005,0.9,0.6666666666666666,1.0,193848747.4803,387697494.9606,581546242.4409001,False,False,False,False,False,True,False,False
MAR009,LafargeHolcim Maroc,LHM,Materiaux de construction,Casablanca-Settat,2024,0.3452022391479012,1,15.253333333333334,0.0635659243680515,0.1141561653432707,0.0029433818440376,1.0980733934778802e-09,0.0993913376814921,-0.368,-1.164,1,0.12595,0.2519,0.37785,-0.09269920000000001,23.0376542618688,0.9,10.0,0.0029433818440376,126669725.5123575,253339451.024715,380009176.5370725,False,False,False,False,False,True,False,False
MAR010,Ciments du Maroc,CMA,Materiaux de construction,Souss-Massa,2019,8.459926867091655,0,,-2.3463746934844e-06,5.881956435591739e-07,0.634751677942342,10.0,0.365248322057658,-0.755,-1.228,4,0.12595,0.2519,0.37785,-0.1901845,31.75197655417826,0.0001606692673288,0.8536738675856412,0.634751677942342,2834618441961.5923,5669236883923.185,8503855325884.776,False,False,False,False,False,True,False,False
MAR010,Ciments du Maroc,CMA,Materiaux de construction,Souss-Massa,2021,0.0076509213894046,1,8.459926867091655,-4.608888260113907e-06,4.252596148531111e-06,0.0022992385589936,9.43466550461638e-10,6.30106099497761e-05,-1.714,-2.031,5,0.12595,0.2519,0.37785,-0.4317566,31.68328860030401,0.0001842451587003,0.772046383881329,0.0022992385589936,456550962.975745,913101925.95149,1369652888.9272351,False,False,False,False,False,True,False,False
MAR010,Ciments du Maroc,CMA,Materiaux de construction,Souss-Massa,2022,7.555694483597704e-05,1,0.0076509213894046,2.526886653938908e-06,7.22251870619345e-06,3.046423349958427e-12,1.485078807749087e-08,6.240423413653597e-05,-2.421,-2.924,10,0.12595,0.2519,0.37785,-0.6098499,31.609532340673017,0.0002030222793782,1.1486861363823515,3.046423349958427e-12,420008133.424561,840016266.849122,1260024400.273683,False,False,False,False,False,True,False,False
MAR010,Ciments du Maroc,CMA,Materiaux de construction,Souss-Massa,2023,6.000012826522987,0,7.555694483597704e-05,2.343788162654584e-07,7.82118655188657e-06,2.5272404747399706e-07,10.0,7.616178778836158e-07,-1.884,-2.385,7,0.12595,0.2519,0.37785,-0.4745796,31.529899807991868,4.1044171403127305e-06,1.012641552567539,2.5272404747399706e-07,4733657.1909,9467314.3818,14200971.5727,False,False,False,False,False,True,False,False
MAR010,Ciments du Maroc,CMA,Materiaux de construction,Souss-Massa,2024,6.000007753854224,0,6.000012826522987,-3.1462803211880446e-06,7.043448948172256e-06,2.724279897344218e-07,10.0,7.695497157515645e-07,-1.098,-1.811,3,0.12595,0.2519,0.37785,-0.27658620000000006,31.556885189006447,4.587983460309797e-06,0.8563848062685258,2.724279897344218e-07,4913782.8201,9827565.6402,14741348.4603,False,False,False,False,False,True,False,False
MAR011,SONASID,SID,Materiaux de construction,Rabat-Sale-Kenitra,2019,6.000035183872891,0,,-1.655837445980477e-07,2.3926549406968404e-05,5.713035555302253e-07,10.0,1.0248201088598618e-10,-0.23,-0.916,2,0.12595,0.2519,0.3778499999999999,-0.057937,31.196143083422,0.0001184471756457,0.9944569855102569,5.713035555302253e-07,456.203495,912.40699,1368.610485,False,False,False,False,False,True,False,False
MAR011,SONASID,SID,Materiaux de construction,Rabat-Sale-Kenitra,2020,5.433627613850208,0,6.000035183872891,-2.987241568657755e-12,9.590313835339593e-07,3.2964710884038746e-11,9.05604374252554,2.5585748559473524e-08,0.484,-0.344,2,0.12595,0.2519,0.37785,0.1219196,29.802010181905843,4.168051200293247e-11,0.6666666666666666,3.2964710884038746e-11,28251.71855,56503.4371,84755.15565,False,False,False,False,False,True,False,False
MAR011,SONASID,SID,Materiaux de construction,Rabat-Sale-Kenitra,2021,7.539420357236669,0,5.433627613850208,-0.4000000000000001,2.0,0.0656950354609929,0.0043779003589878,5.0,-0.682,-1.328,4,0.12595,0.2519,0.37785,-0.17179580000000003,7.839131648274333,0.9000000000000001,0.6666666666666666,0.0656950354609929,229643.365424,459286.730848,688930.096272,False,False,False,False,False,True,False,False
MAR011,SONASID,SID,Materiaux de construction,Rabat-Sale-Kenitra,2022,6.266789086459118,0,7.539420357236669,0.5686350829090859,2.0,0.2803701458400788,0.7354942052200133,1.4179089825639473,-1.828,-2.415,5,0.12595,0.2519,0.37785,-0.4604732,6.364124054490907,0.731129313373611,5.221367018692306,0.2803701458400788,103.69324955,207.3864991,311.07974865,False,False,False,False,False,True,False,False
MAR011,SONASID,SID,Materiaux de construction,Rabat-Sale-Kenitra,2023,1.500770694680011,1,6.266789086459118,0.305720823798627,0.0485270789434054,0.1324094717140505,0.8283747950399676,0.1319916619205436,-1.242,-1.997,3,0.12595,0.2519,0.37785,-0.3128598,6.783525633517074,0.7071198638551501,1.6185185185185185,0.1324094717140505,14.6822434,29.3644868,44.046730200000006,False,False,False,False,False,True,False,False
MAR011,SONASID,SID,Materiaux de construction,Rabat-Sale-Kenitra,2024,6.013828047010808,0,1.500770694680011,-2.456855665540011e-13,5.73500330291605e-08,0.0041902929451089,10.0,2.1970816512088533e-12,-0.702,-1.358,1,0.12595,0.2519,0.37785,-0.17683379999999999,31.60240026620903,1.5293250366730368e-11,0.6666666666666666,0.0041902929451089,14.6822434,29.3644868,44.046730200000006,False,False,False,False,False,True,False,False
MAR013,Aluminium du Maroc,ALM,Materiaux de construction,Casablanca-Settat,2020,14.13505376344086,0,,-0.4000000000000001,2.0,2.0,0.3584229390681003,5.0,0.283,-0.132,0,0.12595,0.2519,0.37785,0.0712877,3.4339872044851463,0.9,0.6666666666666666,1.0,107046151.02335,214092302.0467,321138453.07005,False,False,False,False,False,True,False,False
MAR013,Aluminium du Maroc,ALM,Materiaux de construction,Casablanca-Settat,2021,8.043846070811744,0,14.13505376344086,0.5967130829015543,0.0250971502590673,2.0,0.0089953943580886,0.6872571243523315,-0.975,-1.804,5,0.12595,0.2519,0.37785,-0.2456025,7.118988179270512,0.9,3.935324571883712,1.0,106.918955,213.83791,320.756865,False,False,False,False,False,True,False,False
MAR013,Aluminium du Maroc,ALM,Materiaux de construction,Casablanca-Settat,2022,3.657375165050978,0,8.043846070811744,-0.4,0.0250971502590673,0.0752104922279792,5.1972903225806455,0.7356703367875648,-1.207,-2.073,4,0.12595,0.2519,0.37785,-0.3040433,7.118988179270512,0.0250971502590673,0.6666666666666666,0.0752104922279792,114.45076500000002,228.90153000000004,343.352295,False,False,False,False,False,True,False,False
MAR013,Aluminium du Maroc,ALM,Materiaux de construction,Casablanca-Settat,2023,5.048081822107081,0,3.657375165050978,-0.4,0.0250971502590673,0.0647668393782383,0.4653587363270007,5.0,-1.624,-2.126,6,0.12595,0.2519,0.37785,-0.40908560000000005,7.118988179270512,0.9,0.6666666666666666,0.0647668393782383,8529622.135815,17059244.27163,25588866.407445,False,False,False,False,False,True,False,False
MAR014,Nexans Maroc,NEX,Materiaux de construction,Casablanca-Settat,2019,6.000754216641011,0,,4.063741022534035e-06,4.48593987630742e-06,0.0002250321155485,10.0,4.538546463528667e-07,-0.057,-0.884,2,0.12595,0.2519,0.37785,-0.014358300000000001,31.196143083422,2.763460364146554e-05,1.2300583025280185,0.0002250321155485,2020355.319906,4040710.639812,6061065.959718,False,False,False,False,False,True,False,False
MAR014,Nexans Maroc,NEX,Materiaux de construction,Casablanca-Settat,2020,6.001995202401084,0,6.000754216641011,1.3264087529632396e-06,1.4723878209839646e-05,0.0005970707328543,10.0,2.663862667658548e-06,0.283,-0.132,0,0.12595,0.2519,0.3778500000000001,0.0712877,30.49515736246402,5.7429232214016017e-05,1.0349123400828872,0.0005970707328543,5882860.778333001,11765721.556666002,17648582.334999003,False,False,False,False,False,True,False,False
MAR015,Managem,MNG,Energie & Mines,Casablanca-Settat,2019,5.94837521987422,0,,-0.4000000000000001,0.1269848919303149,0.0710826245150719,10.0,0.0160237102720416,-0.057,-0.884,2,0.229,0.4580000000000001,0.6869999999999999,-0.026106000000000004,9.429499997988083,0.0146823771314747,0.6666666666666666,0.0710826245150719,45.685500000000005,91.371,137.0565,False,False,True,False,False,False,False,False
MAR015,Managem,MNG,Energie & Mines,Casablanca-Settat,2020,6.872752916892357,0,5.94837521987422,0.0408250742947488,0.1185056141943228,0.0382160476657541,10.0,0.5317420105696175,0.283,-0.132,0,0.229,0.458,0.687,0.129614,9.522358896039568,0.0106959551450028,10.0,0.0382160476657541,1663.582637,3327.165274,4990.747911,False,False,True,False,False,False,False,False
MAR015,Managem,MNG,Energie & Mines,Casablanca-Settat,2021,7.901825235327702,0,6.872752916892357,-0.3999999999999999,0.1477843329575897,0.0232326633386523,10.0,2.098259380169524,-0.975,-1.804,5,0.229,0.458,0.687,-0.44655,9.522358896039568,0.9,0.6666666666666667,0.0232326633386523,6564.514,13129.028,19693.542,False,False,True,False,False,False,False,False
MAR015,Managem,MNG,Energie & Mines,Casablanca-Settat,2022,8.927201174939878,0,7.901825235327702,-0.4000000000000001,0.0001046870478863,1.0324348238952512,10.0,1.9694218508856545e-05,-1.207,-2.073,4,0.229,0.458,0.687,-0.552806,16.775882872055167,0.0033570717214539,0.6666666666666666,1.0,87.0658,174.1316,261.1974,False,False,True,False,False,False,False,False
MAR015,Managem,MNG,Energie & Mines,Casablanca-Settat,2023,2.484458470655388,0,8.927201174939878,-0.4,2.0,0.0449484128008536,0.0004780576327159,0.0158418738329418,-1.624,-2.126,6,0.229,0.458,0.687,-0.7437920000000001,10.05372487085723,0.8999999999999999,0.6666666666666666,0.0449484128008536,84.3178,168.6356,252.9534,False,False,True,False,False,False,False,False
MAR015,Managem,MNG,Energie & Mines,Casablanca-Settat,2024,14.223030303030304,0,2.484458470655388,-0.4,2.0,2.0,0.5050505050505051,5.0,-0.368,-1.164,1,0.229,0.458,0.687,-0.168544,3.091042453358316,0.9,0.6666666666666666,1.0,2028.8942,4057.7884,6086.6826,False,False,True,False,False,False,False,False
MAR016,SMI,SMI,Energie & Mines,Marrakech-Safi,2019,19.92,0,,-0.4000000000000001,2.0,2.0,10.0,5.0,-0.439,-1.074,2,0.229,0.458,0.687,-0.20106200000000002,3.4339872044851463,0.8999999999999999,0.6666666666666666,1.0,623140.76917,1246281.53834,1869422.30751,False,False,True,False,False,False,False,False
MAR016,SMI,SMI,Energie & Mines,Marrakech-Safi,2020,18.93935483870968,0,19.92,-0.2387096774193549,1.1612903225806452,2.0,10.0,5.0,-0.387,-0.638,3,0.229,0.458,0.687,-0.17724600000000001,3.4339872044851463,0.8999999999999999,0.6666666666666666,1.0,22479.28349,44958.56698,67437.85047,False,False,True,False,False,False,False,False
MAR016,SMI,SMI,Energie & Mines,Marrakech-Safi,2021,5.676129032258065,0,18.93935483870968,0.5741935483870968,0.4193548387096774,-2.0,10.0,5.0,-1.51,-2.164,6,0.229,0.458,0.687,-0.6915800000000001,3.4339872044851463,0.8999999999999999,3.542857142857143,-1.0,22479.28349,44958.56698,67437.85047,False,False,True,False,False,False,False,False
MAR016,SMI,SMI,Energie & Mines,Marrakech-Safi,2022,19.92,0,5.676129032258065,-0.4000000000000001,2.0,2.0,10.0,5.0,-2.343,-2.93,7,0.229,0.458,0.687,-1.073094,3.4339872044851463,0.8999999999999999,0.6666666666666666,1.0,1099095.93095,2198191.8619,3297287.7928500003,False,False,True,False,False,False,False,False
MAR016,SMI,SMI,Energie & Mines,Marrakech-Safi,2023,14.13505376344086,0,19.92,-0.3999999999999999,2.0,2.0,0.3584229390681003,5.0,-1.508,-2.176,4,0.229,0.458,0.687,-0.6906640000000001,3.4339872044851463,0.8999999999999999,10.0,1.0,1153939.54399,2307879.08798,3461818.63197,False,False,True,False,False,False,False,False
MAR016,SMI,SMI,Energie & Mines,Marrakech-Safi,2024,0.0357947319712621,1,14.13505376344086,-0.4,1.0488451559304983e-05,0.0228329220257919,9.711529221578688e-07,0.4404308227622123,-0.833,-1.228,2,0.229,0.458,0.687,-0.381514,16.252727500358116,0.9,0.6666666666666666,0.0228329220257919,1153939.54399,2307879.08798,3461818.63197,False,False,True,False,False,False,False,False
MAR017,TotalEnergies Marketing MA,TMA,Energie & Mines,Casablanca-Settat,2021,6.151227092265152,0,,-4.0330870312539526e-05,4.659582352491956e-05,0.0456361838584638,10.0,0.0006108484236619,-0.975,-1.804,5,0.229,0.458,0.687,-0.44655,30.98861147444511,0.0001722455459579,0.6666666666666667,0.0456361838584638,4017463178.81274,8034926357.625481,12052389536.43822,False,False,True,False,False,False,False,False
MAR017,TotalEnergies Marketing MA,TMA,Energie & Mines,Casablanca-Settat,2023,6.044639768396796,0,6.151227092265152,-2.703241470093964e-05,5.40230073583726e-05,0.0133125845215716,10.0,0.0006650461629494,-1.624,-2.126,6,0.229,0.458,0.687,-0.7437920000000001,31.080887794322184,2.341204350524973e-05,0.85022609743875,0.0133125845215716,4796730692.84779,9593461385.69558,14390192078.54337,False,False,True,False,False,False,False,False
MAR017,TotalEnergies Marketing MA,TMA,Energie & Mines,Casablanca-Settat,2024,6.1405687504559285,0,6.044639768396796,-4.57329861490881e-05,3.980859423709675e-05,0.0423959037576831,10.0,0.0006614156070208,-0.368,-1.164,1,0.229,0.4580000000000001,0.687,-0.16854400000000003,31.08461842916732,2.2050614111919937e-05,0.6716211308128817,0.0423959037576831,4788375242.360641,9576750484.72128,14365125727.08192,False,False,True,False,False,False,False,False
MAR019,Stroc Industrie,STR,Energie & Mines,Casablanca-Settat,2019,1.628622929140621,1,,-0.3999999999999999,-0.0075940944824254,0.064779165263728,2.1949686148400818,0.5885022471416651,-0.057,-0.884,2,0.229,0.458,0.687,-0.026106,9.522358896039568,0.9,0.6666666666666667,0.064779165263728,1841.16,3682.32,5523.4800000000005,False,False,True,False,False,False,False,False
MAR019,Stroc Industrie,STR,Energie & Mines,Casablanca-Settat,2021,5.689660879239924,0,1.628622929140621,-0.3999999999999999,0.0621363949113586,0.0232326633386523,10.0,0.0060021373464697,-0.975,-1.804,5,0.229,0.4580000000000001,0.687,-0.44655000000000006,9.522358896039568,0.9,0.6666666666666667,0.0232326633386523,18.778,37.556,56.334,False,False,True,False,False,False,False,False
MAR019,Stroc Industrie,STR,Energie & Mines,Casablanca-Settat,2023,6.237320050554587,0,5.689660879239924,-0.3999999999999999,0.0520814241168806,2.0,0.000813297743424,0.0439180781449003,-1.624,-2.126,6,0.229,0.458,0.687,-0.7437920000000001,9.522358896039568,0.9,0.6666666666666667,1.0,137.4,274.8,412.2000000000001,False,False,True,False,False,False,False,False
MAR020,Label'Vie,LBV,Distribution & Commerce,Rabat-Sale-Kenitra,2021,11.015259182832583,0,,-0.0095864522282591,0.0176904275630541,0.0006049475509757,10.0,5.0,-0.682,-1.328,4,0.01375,0.0275,0.04125,-0.018755,22.913345404944025,0.0338029431113901,0.6666666666666666,0.0006049475509757,172556503162.0613,345113006324.1226,517669509486.1839,False,True,False,False,False,False,False,False
MAR021,Auto Hall,AUTO,Distribution & Commerce,Casablanca-Settat,2019,4.797745769214057,0,,-0.2243401055727301,2.0,0.4220055186334961,1.0877734765234763,0.2216715984967107,-0.057,-0.884,2,0.01375,0.0275,0.04125,-0.0015675,6.647484721180379,0.6233175886659151,0.6666666666666667,0.4220055186334961,2.3495175,4.699035,7.0485525,False,True,False,False,False,False,False,False
MAR021,Auto Hall,AUTO,Distribution & Commerce,Casablanca-Settat,2020,6.038132846271711,0,4.797745769214057,0.0293950116951068,0.0020416812484007,8.72312307696727e-08,10.0,1.9062675996358497e-07,0.283,-0.132,0,0.01375,0.0275,0.04125,0.0077824999999999995,21.340724440126035,0.2059610027629657,2.0831175603369303,8.72312307696727e-08,4.8601025,9.720205,14.5803075,False,True,False,False,False,False,False,False
MAR021,Auto Hall,AUTO,Distribution & Commerce,Casablanca-Settat,2021,6.000105683026251,0,6.038132846271711,-1.4888016578930444e-08,7.532974779291594e-05,4.361562445090845e-08,10.0,9.531339979391632e-08,-0.975,-1.804,5,0.01375,0.0275,0.04125,-0.0268125,22.03387141282301,1.3164802343615078e-07,0.812642738128769,4.361562445090845e-08,4.8601025,9.720205,14.5803075,False,True,False,False,False,False,False,False
MAR021,Auto Hall,AUTO,Distribution & Commerce,Casablanca-Settat,2022,17.608692059597107,0,6.000105683026251,1.4257127672575705e-07,0.0062084917939833,2.0,10.0,5.0,-1.207,-2.073,4,0.01375,0.0275,0.04125,-0.0331925,21.34072423711689,3.1165358304410293e-07,1.466485735813898,1.0,529237411219.66,1058474822439.32,1587712233658.98,False,True,False,False,False,False,False,False
MAR021,Auto Hall,AUTO,Distribution & Commerce,Casablanca-Settat,2023,14.29037037037037,0,17.608692059597107,-0.4000000000000001,2.0,2.0,0.617283950617284,5.0,-1.624,-2.126,6,0.01375,0.0275,0.04125,-0.044660000000000005,2.8903717578961645,0.8999999999999999,0.6666666666666666,1.0,7.469660000000001,14.939320000000002,22.408980000000003,False,True,False,False,False,False,False,False
MAR021,Auto Hall,AUTO,Distribution & Commerce,Casablanca-Settat,2024,9.384495734156218,0,14.29037037037037,0.2254857584159995,0.0111251087103185,2.0,4.140808443268904,0.0138526059012316,-0.368,-1.164,1,0.01375,0.0275,0.04125,-0.01012,22.565957284122344,0.3029890657456643,3.58162585928517,1.0,1202554.878490625,2405109.75698125,3607664.635471875,False,True,False,False,False,False,False,False
MAR024,Stokvis Nord Afrique,SNO,Distribution & Commerce,Casablanca-Settat,2019,6.000134300511608,0,,0.0001044481426606,6.438831157182563e-06,-1.5647620775312322e-08,10.0,1.3943926484805211e-11,-0.057,-0.884,2,0.01375,0.0275,0.04125,-0.0015675,27.393872352697134,0.0006595730678712,1.347269907301572,-1.5647620775312322e-08,0.15125,0.3025,0.45375,False,True,False,False,False,False,False,False
MAR024,Stokvis Nord Afrique,SNO,Distribution & Commerce,Casablanca-Settat,2020,6.000000003106398,0,6.000134300511608,1.0072216083692088e-10,1.0383083722657664e-10,8.37956924209146e-10,10.0,7.491021158807597e-11,0.283,-0.132,0,0.01375,0.0275,0.04125,0.0077824999999999995,27.36308387678003,6.860501059455713e-10,1.2917888007755989,8.37956924209146e-10,0.78791625,1.5758325,2.36374875,False,True,False,False,False,False,False,False
MAR024,Stokvis Nord Afrique,SNO,Distribution & Commerce,Casablanca-Settat,2023,-0.5259230994810101,1,6.000000003106398,-0.2276653640771733,0.1625017902080733,-0.1727213208666653,0.0227328009311355,0.0761135094216093,-1.624,-2.126,6,0.01375,0.0275,0.04125,-0.044660000000000005,6.191892031178458,0.9,0.7498679386516031,-0.1727213208666653,0.5115275,1.023055,1.5345825,False,True,False,False,False,False,False,False
MAR024,Stokvis Nord Afrique,SNO,Distribution & Commerce,Casablanca-Settat,2024,6.689294351126296,0,-0.5259230994810101,0.0579556846778648,0.491838697137713,-0.0340405507703009,10.0,0.0435071710620537,-0.368,-1.164,1,0.01375,0.0275,0.04125,-0.01012,6.191892031178458,0.9,1.0942847347732167,-0.0340405507703009,0.29239375,0.5847875,0.87718125,False,True,False,False,False,False,False,False
MAR025,Maghreb Oxygène,MOX,Distribution & Commerce,Casablanca-Settat,2019,6.126808761759784,0,,0.0001942410326324,5.736458765515971e-11,0.0383562631514868,10.0,4.040408288999067e-09,-0.057,-0.884,2,0.01375,0.0275,0.04125,-0.0015675,26.93678228935985,0.0014717191552235,1.996304818055512,0.0383562631514868,27.7475,55.495,83.2425,False,True,False,False,False,False,False,False
MAR025,Maghreb Oxygène,MOX,Distribution & Commerce,Casablanca-Settat,2020,10.68995848331819,0,6.126808761759784,0.0002092304475997,7.275237145088008e-05,0.0039781554400187,10.0,4.676477640508977,0.283,-0.132,0,0.01375,0.0275,0.04125,0.0077824999999999995,26.97901491795844,0.0014660077054017,2.083119636511847,0.0039781554400187,33501084511.30375,67002169022.6075,100503253533.91124,False,True,False,False,False,False,False,False
MAR025,Maghreb Oxygène,MOX,Distribution & Commerce,Casablanca-Settat,2021,11.102757800962848,0,10.68995848331819,0.0001651547731067,4.572226837304267e-11,0.031078671263972,10.0,5.0,-0.975,-1.804,5,0.01375,0.0275,0.04125,-0.0268125,27.0273114886424,0.0014517318219228,1.7928878910600583,0.031078671263972,345113006319.2625,690226012638.525,1035339018957.7876,False,True,False,False,False,False,False,False
MAR025,Maghreb Oxygène,MOX,Distribution & Commerce,Casablanca-Settat,2022,11.011278194600912,0,11.102757800962848,0.0001749585299331,3.1504961617185765e-11,0.0033540134305711,10.0,5.0,-1.207,-2.073,4,0.01375,0.0275,0.04125,-0.0331925,27.014089414900145,0.0014869007563309,1.941077196068903,0.0033540134305711,38131953029.0325,76263906058.065,114395859087.0975,False,True,False,False,False,False,False,False
MAR025,Maghreb Oxygène,MOX,Distribution & Commerce,Casablanca-Settat,2023,6.00083437337645,0,11.011278194600912,0.0002162470748248,0.0002146284658862,1.340636076904128e-05,10.0,0.0002301560438818,-1.624,-2.126,6,0.01375,0.0275,0.04125,-0.044660000000000005,26.981553040484705,0.0015849692900854,2.376014580503228,1.340636076904128e-05,1652968.893125,3305937.78625,4958906.679375,False,True,False,False,False,False,False,False
MAR025,Maghreb Oxygène,MOX,Distribution & Commerce,Casablanca-Settat,2024,6.000666519011834,0,6.00083437337645,-2.247221837191554e-11,5.482029429663618e-07,0.0001045066754728,10.0,0.0003208795256197,-0.368,-1.164,1,0.01375,0.0275,0.04125,-0.01012,27.024267245653185,0.0015481011533325,0.6666666666666666,0.0001045066754728,2405109.4645875,4810218.929175,7215328.3937625,False,True,False,False,False,False,False,False
MAR027,Résidences Dar Saada,RDS,Immobilier,Casablanca-Settat,2022,13.972174027029508,0,,0.2068268512328443,2.0,2.0,0.0873892886948846,4.271548232333163,-1.207,-2.073,4,0.0229,0.0458,0.0687,-0.055280600000000006,4.845328167461431,0.9,1.3486787149126878,1.0,12.4371274,24.8742548,37.3113822,False,False,False,True,False,False,False,False
MAR029,Colorado,COL,Immobilier,Casablanca-Settat,2019,15.213893110259091,0,,0.6685622168002788,2.0,2.0,0.019364083497928,5.0,-0.057,-0.884,2,0.0229,0.0458,0.0686999999999999,-0.0026106000000000002,6.352280903547264,0.9,6.086529919516302,1.0,11460339912.3553,22920679824.7106,34381019737.065895,False,False,False,True,False,False,False,False
MAR029,Colorado,COL,Immobilier,Casablanca-Settat,2021,14.717499485914043,0,15.213893110259091,0.2560148056755089,2.0,2.0,0.0171361985057234,5.0,-0.975,-1.804,5,0.0229,0.0458,0.0687,-0.044655,6.474507789861521,0.8999999999999999,7.17100371747212,1.0,1314607617108.0688,2629215234216.1377,3943822851324.206,False,False,False,True,False,False,False,False
MAR029,Colorado,COL,Immobilier,Casablanca-Settat,2022,11.473554735547356,0,14.717499485914043,-0.1845018450184501,0.059040590405904,2.0,0.02050020500205,5.0,-1.207,-2.073,4,0.0229,0.0458,0.0687,-0.055280600000000006,6.295266001439646,0.9,0.6666666666666666,1.0,139671582460.79913,279343164921.59827,419014747382.3973,False,False,False,True,False,False,False,False
MAR029,Colorado,COL,Immobilier,Casablanca-Settat,2023,14.687024092711193,0,11.473554735547356,0.2290210430009149,2.0,2.0,0.0203314018501575,5.0,-1.624,-2.126,6,0.0229,0.0458,0.0687,-0.0743792,6.3035343076165935,0.9,3.8549270072992696,1.0,13788791.2209,27577582.4418,41366373.6627,False,False,False,True,False,False,False,False
MAR029,Colorado,COL,Immobilier,Casablanca-Settat,2024,10.66644186863365,0,14.687024092711193,0.2198103266596417,2.0,0.1636810677906568,10.0,1.062521952932912,-0.368,-1.164,1,0.0229,0.0458,0.0687,-0.0168544,6.344583174843937,0.1030909729539866,3.8549270072992696,0.1636810677906568,13.8545,27.709,41.5635,False,False,False,True,False,False,False,False
MAR030,Immorente Invest,IMO,Immobilier,Casablanca-Settat,2019,4.669927837864798,0,,0.7067337585730151,-2.0,2.0,0.0137404575957112,0.0136030530197541,-0.057,-0.884,2,0.0229,0.0458,0.0687,-0.0026106000000000002,6.695356297485255,0.9,8.577594505363372,1.0,0.2519,0.5038,0.7556999999999999,False,False,False,True,False,False,False,False
MAR030,Immorente Invest,IMO,Immobilier,Casablanca-Settat,2021,1.6218959275756968,1,4.669927837864798,0.0415709300283685,0.9868396645239796,0.0289386403377514,0.0137404575957112,0.0866934935360765,-0.975,-1.804,5,0.0229,0.0458,0.0687,-0.044655,6.695356297485255,0.9,3.590030048539949,0.0289386403377514,1.6053816,3.2107632,4.8161448,False,False,False,True,False,False,False,False
MAR030,Immorente Invest,IMO,Immobilier,Casablanca-Settat,2022,2.946026958635424,0,1.6218959275756968,-0.019719391445965,2.0,0.0237958329159818,0.0137399648449259,0.0829200008408858,-1.207,-2.073,4,0.0229,0.0458,0.0687,-0.055280600000000006,6.695392159436532,0.9000000000000001,0.6666666666666666,0.0237958329159818,1.5355595000000002,3.0711190000000004,4.6066785,False,False,False,True,False,False,False,False
MAR030,Immorente Invest,IMO,Immobilier,Casablanca-Settat,2023,2.800243819840303,0,2.946026958635424,-1.013218447870924e-06,2.0,5.00337401743141e-05,1.1257982754121378e-05,7.316957021299878e-05,-1.624,-2.126,6,0.0229,0.0458,0.0687,-0.0743792,13.802378711453136,0.9,0.6666666666666666,5.00337401743141e-05,1.6537235,3.307447,4.9611705,False,False,False,True,False,False,False,False
MAR030,Immorente Invest,IMO,Immobilier,Casablanca-Settat,2024,2.101688794050653,0,2.800243819840303,0.3471915243401225,0.7007273391509394,0.0370253821436577,0.0092255092711755,0.5763216233944154,-0.368,-1.164,1,0.0229,0.0458,0.0687,-0.0168544,7.093728493683704,0.8999999999999999,1.7667513816612213,0.0370253821436577,15.8952564,31.7905128,47.6857692,False,False,False,True,False,False,False,False
MAR031,Maroc Telecom,IAM,Telecom & Technologies,Rabat-Sale-Kenitra,2020,6.717848965450385,0,,-0.4,0.123500563720315,2.0,0.0442654350252025,0.3983889152268227,0.484,-0.344,2,0.004575,0.00915,0.013725,0.0044285999999999996,5.525496762872705,0.9,0.6666666666666666,1.0,0.4575,0.915,1.3725,False,False,False,False,False,False,True,False
MAR031,Maroc Telecom,IAM,Telecom & Technologies,Rabat-Sale-Kenitra,2021,7.318267058851468,0,6.717848965450385,-0.4000000000000001,0.3155119945446958,2.0,0.1130867363959483,0.6886982246513252,-0.682,-1.328,4,0.004575,0.00915,0.013725,-0.006240300000000001,4.587545784634352,0.9,0.6666666666666666,1.0,0.309575,0.61915,0.928725,False,False,False,False,False,False,True,False
MAR031,Maroc Telecom,IAM,Telecom & Technologies,Rabat-Sale-Kenitra,2022,6.311826053751727,0,7.318267058851468,-0.4000000000000001,0.0696324082705331,2.0,0.0249578524267143,0.0793659707169517,-1.828,-2.415,5,0.004575,0.00915,0.013725,-0.0167262,6.098512388430866,0.9,0.6666666666666666,1.0,0.16165,0.3233,0.48495,False,False,False,False,False,False,True,False
MAR031,Maroc Telecom,IAM,Telecom & Technologies,Rabat-Sale-Kenitra,2023,6.227034745588962,0,6.311826053751727,-0.4000000000000001,0.0452259488404066,2.0,0.0502510542671185,0.013567784652122,-1.242,-1.997,3,0.004575,0.00915,0.013725,-0.0113643,5.398669360474741,0.9,0.6666666666666666,1.0,0.013725,0.02745,0.041175,False,False,False,False,False,False,True,False
MAR031,Maroc Telecom,IAM,Telecom & Technologies,Rabat-Sale-Kenitra,2024,13.94373239353055,0,6.227034745588962,-0.3999999999999999,2.0,2.0,0.0395539892175825,5.0,-0.702,-1.358,1,0.004575,0.00915,0.013725,-0.0064233,5.638034333334139,0.9,0.6666666666666667,1.0,4166875.144905,8333750.28981,12500625.434715,False,False,False,False,False,False,True,False
MAR032,HPS,HPS,Telecom & Technologies,Casablanca-Settat,2021,12.01428991141916,0,,-0.4000000000000001,0.5903127639868503,2.0,0.1130867363959483,5.0,-0.975,-1.804,5,0.004575,0.00915,0.013725,-0.00892125,4.587545784634352,0.9,0.6666666666666666,1.0,92469.9915,184939.983,277409.9745,False,False,False,False,False,False,True,False
MAR032,HPS,HPS,Telecom & Technologies,Casablanca-Settat,2022,11.392693014671472,0,12.01428991141916,-0.4000000000000001,0.1840845022967464,2.0,0.0249578524267143,5.0,-1.207,-2.073,4,0.004575,0.00915,0.013725,-0.011044050000000001,6.098512388430866,0.9,0.6666666666666666,1.0,92515.746075,185031.49215,277547.23822500004,False,False,False,False,False,False,True,False
MAR032,HPS,HPS,Telecom & Technologies,Casablanca-Settat,2023,6.73725988036229,0,11.392693014671472,-0.4000000000000001,0.559833930315858,0.4252550743514598,0.0502510542671185,5.0,-1.624,-2.126,6,0.004575,0.00915,0.013725,-0.0148596,5.398669360474741,0.9,0.6666666666666666,0.4252550743514598,5.4511125,10.902225,16.353337500000002,False,False,False,False,False,False,True,False
MAR032,HPS,HPS,Telecom & Technologies,Casablanca-Settat,2024,13.45549772762332,0,6.73725988036229,-0.3999999999999999,2.0,2.0,0.0395539892175825,4.51176533409277,-0.368,-1.164,1,0.004575,0.00915,0.013725,-0.0033672,5.638034333334139,0.9,0.6666666666666667,1.0,5.798355000000001,11.596710000000002,17.395065000000002,False,False,False,False,False,False,True,False
MAR033,Disway,DIS,Telecom & Technologies,Casablanca-Settat,2021,10.593016260741829,0,,-0.4000000000000001,1.1513439793186977,1.3312977720782062,0.1130867363959483,5.0,-0.975,-1.804,5,0.004575,0.00915,0.013725,-0.00892125,4.587545784634352,0.9,0.6666666666666666,1.0,46235.150537500005,92470.301075,138705.4516125,False,False,False,False,False,False,True,False
MAR033,Disway,DIS,Telecom & Technologies,Casablanca-Settat,2022,5.592497145445629,0,10.593016260741829,-0.4000000000000001,0.2985365963229596,0.1938094542840777,0.0249578524267143,5.0,-1.207,-2.073,4,0.004575,0.00915,0.013725,-0.011044050000000001,6.098512388430866,0.9,0.6666666666666666,0.1938094542840777,46257.9538625,92515.907725,138773.8615875,False,False,False,False,False,False,True,False
MAR033,Disway,DIS,Telecom & Technologies,Casablanca-Settat,2023,6.73725988036229,0,5.592497145445629,-0.4000000000000001,0.559833930315858,0.4252550743514598,0.0502510542671185,5.0,-1.624,-2.126,6,0.004575,0.00915,0.013725,-0.0148596,5.398669360474741,0.9,0.6666666666666666,0.4252550743514598,5.4511125,10.902225,16.353337500000002,False,False,False,False,False,False,True,False
MAR033,Disway,DIS,Telecom & Technologies,Casablanca-Settat,2024,6.010748163706051,0,6.73725988036229,-0.3999999999999999,0.4063187497775087,0.2721725819657541,0.0395539892175825,5.0,-0.368,-1.164,1,0.004575,0.00915,0.013725,-0.0033672,5.638034333334139,0.8999999999999999,0.6666666666666667,0.2721725819657541,255903.7752465,511807.550493,767711.3257395001,False,False,False,False,False,False,True,False
MAR034,M2M Group,M2M,Telecom & Technologies,Casablanca-Settat,2023,0.7501506325602714,1,,-0.4000000000000001,2.0,-2.0,0.0502510542671185,5.0,-1.624,-2.126,6,0.004575,0.00915,0.013725,-0.0148596,5.398669360474741,0.9,0.6666666666666666,-1.0,224187.852639,448375.705278,672563.557917,False,False,False,False,False,False,True,False
MAR034,M2M Group,M2M,Telecom & Technologies,Casablanca-Settat,2024,13.94373239353055,0,0.7501506325602714,-0.3999999999999999,2.0,2.0,0.0395539892175825,5.0,-0.368,-1.164,1,0.004575,0.00915,0.013725,-0.0033672,5.638034333334139,0.9,0.6666666666666667,1.0,255903.7752465,511807.550493,767711.3257395001,False,False,False,False,False,False,True,False
MAR035,CTM,CTM,Transport & Logistique,Casablanca-Settat,2020,0.1583216005665331,1,,0.1930953192268853,1.331315512801196e-09,-0.022258523945116,3.2568772696594616e-11,6.034462977073651e-05,0.283,-0.132,0,0.064125,0.12825,0.192375,0.03629475,26.55561278802269,0.8999999999999999,1.5950373783797491,-0.022258523945116,1320146.42099625,2640292.8419925,3960439.262988751,False,False,False,False,False,False,False,True
MAR035,CTM,CTM,Transport & Logistique,Casablanca-Settat,2021,1.9631542684226435,0,0.1583216005665331,-0.3999999999999999,0.4267045716044203,7.94229292793365e-08,3.076093402041133,0.0001115648561086,-0.975,-1.804,5,0.064125,0.12825,0.192375,-0.12504375,26.492478126538582,0.3818256303671155,0.6666666666666667,7.94229292793365e-08,2291352.2055,4582704.411,6874056.6165000005,False,False,False,False,False,False,False,True
MAR035,CTM,CTM,Transport & Logistique,Casablanca-Settat,2022,5.519044726962346,0,1.9631542684226435,-0.4,6.449388264079308e-05,-0.0003583876166848,10.0,0.0001371146617089,-1.207,-2.073,4,0.064125,0.12825,0.192375,-0.15479775,26.41109276376664,0.0001449128016047,0.6666666666666666,-0.0003583876166848,2595990.6442125,5191981.288425,7787971.932637501,False,False,False,False,False,False,False,True
MAR035,CTM,CTM,Transport & Logistique,Casablanca-Settat,2023,1.5076704126558016,1,5.519044726962346,0.7999999859092255,2.134156298446754e-06,0.1659572942367397,4.0787485303033744e-11,8.37074019997595e-06,-1.624,-2.126,6,0.064125,0.12825,0.192375,-0.20827800000000002,29.20716797085592,0.0506945401505314,10.0,0.1659572942367397,2595990.6442125,5191981.288425,7787971.932637501,False,False,False,False,False,False,False,True
MAR035,CTM,CTM,Transport & Logistique,Casablanca-Settat,2024,14.396190476190476,0,1.5076704126558016,-0.3999999999999998,2.0,2.0,0.7936507936507937,5.0,-0.368,-1.164,1,0.064125,0.12825,0.192375,-0.047196,2.6390573296152584,0.9,0.6666666666666667,1.0,2595990.6442125,5191981.288425,7787971.932637501,False,False,False,False,False,False,False,True
MAR036,Marsa Maroc,MSA,Transport & Logistique,Casablanca-Settat,2019,6.927563573375403,0,,-0.4000000000000001,0.9384552633146808,0.1283232278791378,2.102491793782584,4.408764476464145,-0.057,-0.884,2,0.064125,0.12825,0.192375,-0.007310250000000001,5.385407490437048,0.4747042837043249,0.6666666666666666,0.1283232278791378,61.68748050000001,123.374961,185.06244150000003,False,False,False,False,False,False,False,True
MAR036,Marsa Maroc,MSA,Transport & Logistique,Casablanca-Settat,2020,0.3625469319153183,1,6.927563573375403,-0.100737462360676,1.479920210693637,-2.0,0.0192393196283963,5.0,0.283,-0.132,0,0.064125,0.12825,0.192375,0.03629475,6.358744805371171,0.9000000000000001,0.6666666666666666,-1.0,1768025830314.0566,3536051660628.1133,5304077490942.17,False,False,False,False,False,False,False,True
MAR036,Marsa Maroc,MSA,Transport & Logistique,Casablanca-Settat,2021,2.388977710575294,0,0.3625469319153183,0.1241315133620847,0.0071633131174366,2.584138897333653e-11,3.716652093442105,2.584138897333653e-11,-0.975,-1.804,5,0.064125,0.12825,0.192375,-0.12504375,31.98890588653424,0.3382798094648596,1.8661710315765416,2.584138897333653e-11,129.40425,258.8085,388.21275,False,False,False,False,False,False,False,True
MAR036,Marsa Maroc,MSA,Transport & Logistique,Casablanca-Settat,2022,3.958329290203321,0,2.388977710575294,0.1217611690451695,0.008651653800004,0.1691614164671703,4.573026829178335,0.4980548001804488,-1.207,-2.073,4,0.064125,0.12825,0.192375,-0.15479775,32.020501499879494,0.2935257415333747,1.8064837476485271,0.1691614164671703,2574136764879.487,5148273529758.974,7722410294638.461,False,False,False,False,False,False,False,True
MAR036,Marsa Maroc,MSA,Transport & Logistique,Casablanca-Settat,2023,4.159596236845839,0,3.958329290203321,0.2245510478245343,0.011747109951488,0.0101715759846251,5.47850939695386,0.5530171866027354,-1.624,-2.126,6,0.064125,0.12825,0.192375,-0.20827800000000002,31.99930130035236,0.2575045849754416,2.7087249968754503,0.0101715759846251,2798246608663.653,5596493217327.306,8394739825990.96,False,False,False,False,False,False,False,True
MAR036,Marsa Maroc,MSA,Transport & Logistique,Casablanca-Settat,2024,8.148390996964668,0,4.159596236845839,0.2541017624943849,0.0139264123843234,0.9223895950110604,7.966809588781791,4.878277800303772e-07,-0.368,-1.164,1,0.064125,0.12825,0.192375,-0.047196,32.049703131520914,0.1925647781994528,2.8214932842579983,0.9223895950110604,2595990.6442125,5191981.288425,7787971.932637501,False,False,False,False,False,False,False,True
MAR037,TIMAR,TIM,Transport & Logistique,Casablanca-Settat,2020,13.77597342593824,0,,-0.2765203916464441,0.1373012808546873,1.30845865286511,7.662770913770913,5.0,0.283,-0.132,0,0.064125,0.12825,0.192375,0.03629475,5.968878900804411,0.1986871814804112,0.6666666666666667,1.0,990.099426375,1980.19885275,2970.2982791250006,False,False,False,False,False,False,False,True
MAR037,TIMAR,TIM,Transport & Logistique,Casablanca-Settat,2021,7.588068908010227,0,13.77597342593824,-0.3999999999999999,2.0,0.0758395694228269,0.0296638815248303,5.0,-0.975,-1.804,5,0.064125,0.12825,0.192375,-0.12504375,5.925770692162589,0.9,0.6666666666666667,0.0758395694228269,21553895.82218625,43107791.6443725,64661687.46655876,False,False,False,False,False,False,False,True
MAR037,TIMAR,TIM,Transport & Logistique,Casablanca-Settat,2023,15.99857873224283,0,7.588068908010227,-0.3999999999999999,2.0,2.0,10.0,1.0785787322428295,-1.624,-2.126,6,0.064125,0.12825,0.192375,-0.20827800000000002,5.925770692162589,0.0881017281287459,0.6666666666666667,1.0,25.9065,51.813,77.71950000000001,False,False,False,False,False,False,False,True
MAR038,Afriquia Gaz,AGZ,Transport & Logistique,Casablanca-Settat,2019,11.121393177856111,0,,-0.4000000000000001,0.0009951270261226,2.0,3.2568772696594616e-11,5.0,-0.057,-0.884,2,0.064125,0.12825,0.192375,-0.007310250000000001,26.712821996488163,0.9000000000000001,0.6666666666666666,1.0,4099186526744.638,8198373053489.276,12297559580233.916,False,False,False,False,False,False,False,True
MAR038,Afriquia Gaz,AGZ,Transport & Logistique,Casablanca-Settat,2021,2.217448886420289,0,11.121393177856111,0.5012759396213373,1.994896539743078e-05,0.1957820542743633,1.616346829052777,9.537860624786153e-07,-0.975,-1.804,5,0.064125,0.12825,0.192375,-0.12504375,31.25440010332008,0.5403335030270084,2.67805679591366,0.1957820542743633,2291352.2055,4582704.411,6874056.6165000005,False,False,False,False,False,False,False,True
MAR038,Afriquia Gaz,AGZ,Transport & Logistique,Casablanca-Settat,2023,11.221434466705588,0,2.217448886420289,-0.2720647541737157,0.0001807862377173,0.1659572942367397,10.0,5.0,-1.624,-2.126,6,0.064125,0.12825,0.192375,-0.20827800000000002,29.20716797085592,0.0506945401505314,0.7462235810714557,0.1659572942367397,6096913823397.688,12193827646795.377,18290741470193.062,False,False,False,False,False,False,False,True
MAR038,Afriquia Gaz,AGZ,Transport & Logistique,Casablanca-Settat,2024,10.989537647931318,0,11.221434466705588,-0.0894829148720232,5.447957571107036e-13,1.5445200996729147,10.0,8.168563647194005e-07,-0.368,-1.164,1,0.064125,0.12825,0.192375,-0.047196,31.534202294085983,0.0586644759450742,0.8795385313576731,1.0,2595990.6442125,5191981.288425,7787971.932637501,False,False,False,False,False,False,False,True
MAR039,Snep,SNP,Chimie & Parachimie,Casablanca-Settat,2019,6.003184751705368,0,,8.30438623316377e-06,7.951975603233071e-06,0.0009360740461022,10.0,7.460932390630739e-05,-0.057,-0.884,2,0.073275,0.14655,0.219825,-0.00835335,30.16277090057096,7.412673219954983e-12,1.2793809102176354,0.0009360740461022,68750188.40616076,137500376.8123215,206250565.21848223,True,False,False,False,False,False,False,False
MAR039,Snep,SNP,Chimie & Parachimie,Casablanca-Settat,2020,9.300039759242551,0,6.003184751705368,9.14311967474361e-06,2.0482596735802924e-05,1.0,10.0,1.1186351216228953e-07,0.283,-0.132,0,0.073275,0.14655,0.219825,0.04147365,30.31682783879344,0.0001327037641742,1.353404008987232,1.0,120247.2953955,240494.590791,360741.8861865,True,False,False,False,False,False,False,False
MAR039,Snep,SNP,Chimie & Parachimie,Casablanca-Settat,2021,2.331693053802928,0,9.300039759242551,0.0724570597233895,0.136221037704621,0.2902516138787442,1.614727951807229,0.1273680324641977,-0.975,-1.804,5,0.073275,0.14655,0.219825,-0.14288625000000002,6.59864662132804,0.5653173064741772,1.0995914546237524,0.2902516138787442,6.851285775000001,13.702571550000002,20.553857325000003,True,False,False,False,False,False,False,False
MAR039,Snep,SNP,Chimie & Parachimie,Casablanca-Settat,2022,6.0000354626915,0,2.331693053802928,1.765508768136001e-12,2.533046759048564e-05,8.683473965638885e-12,10.0,6.098958043407767e-12,-1.207,-2.073,4,0.073275,0.14655,0.219825,-0.17688585000000004,30.49985433897819,7.412673219954983e-12,1.0655814443858724,8.683473965638885e-12,7.87281255,15.7456251,23.61843765,True,False,False,False,False,False,False,False
MAR039,Snep,SNP,Chimie & Parachimie,Casablanca-Settat,2023,4.842616513345974,0,6.0000354626915,0.5820271711475592,2.0,0.018768864011822,1.308048733582959,0.4974174165801159,-1.624,-2.126,6,0.073275,0.14655,0.219825,-0.23799720000000005,6.575501133692229,0.6161883717526018,3.670182215883289,0.018768864011822,26.144520000000004,52.28904000000001,78.43356000000001,True,False,False,False,False,False,False,False
MAR039,Snep,SNP,Chimie & Parachimie,Casablanca-Settat,2024,0.7311111111111117,1,4.842616513345974,-0.4,2.0,-2.0,0.0185185185185185,5.0,-0.368,-1.164,1,0.073275,0.14655,0.219825,-0.0539304,6.396929655216146,0.9,0.6666666666666666,-1.0,58215275307.47558,116430550614.95116,174645825922.42673,True,False,False,False,False,False,False,False
MAR040,Sothema,SOT,Chimie & Parachimie,Casablanca-Settat,2020,12.600159230177866,0,,3.802181347315861e-05,4.096401113752268e-05,1.9999422761626169,10.0,0.0002467430494696,0.283,-0.132,0,0.073275,0.14655,0.219825,0.04147365,29.6237095205687,0.0001451922565486,1.6809928032196042,1.0,132621621.41162775,265243242.8232555,397864864.2348833,True,False,False,False,False,False,False,False
MAR040,Sothema,SOT,Chimie & Parachimie,Casablanca-Settat,2021,4.9356075268817206,0,12.600159230177866,-0.4000000000000001,-2.0,2.0,0.1792114695340501,1.5080806451612905,-0.975,-1.804,5,0.073275,0.14655,0.219825,-0.14288625000000002,4.127134385045092,0.8999999999999999,0.6666666666666666,1.0,6.851285775000001,13.702571550000002,20.553857325000003,True,False,False,False,False,False,False,False
MAR040,Sothema,SOT,Chimie & Parachimie,Casablanca-Settat,2022,13.55098139701699,0,4.9356075268817206,0.7999988799470178,-0.0064410804778555,2.0,10.0,2.5374956777291213e-07,-1.207,-2.073,4,0.073275,0.14655,0.219825,-0.17688585000000004,19.863869177032523,7.321379535898697e-08,10.0,1.0,7.87281255,15.7456251,23.61843765,True,False,False,False,False,False,False,False
MAR040,Sothema,SOT,Chimie & Parachimie,Casablanca-Settat,2023,13.60311129808786,0,13.55098139701699,-9.57720485163539e-08,-0.0057099227296682,2.0,10.0,1.0111053048358527,-1.624,-2.126,6,0.073275,0.14655,0.219825,-0.23799720000000005,19.8497243165164,7.425675313908686e-08,0.6666666666666666,1.0,30929859.98546588,61859719.97093175,92789579.95639762,True,False,False,False,False,False,False,False
MAR040,Sothema,SOT,Chimie & Parachimie,Casablanca-Settat,2024,19.45136490510091,0,13.60311129808786,-0.4000000000000001,1.6652606465006492,2.0,10.0,5.0,-0.368,-1.164,1,0.073275,0.14655,0.219825,-0.0539304,19.969197050849733,6.589456670792779e-08,0.6666666666666666,1.0,219211534.95870003,438423069.91740006,657634604.8761001,True,False,False,False,False,False,False,False
MAR041,Promopharm,PRP,Chimie & Parachimie,Casablanca-Settat,2020,15.574562062828914,0,,-0.1318037778885222,0.7096550228548671,2.0,10.0,2.139209564298328,0.283,-0.132,0,0.073275,0.14655,0.219825,0.04147365,19.863869177032523,0.9,0.8585498567228488,1.0,66370934.35351163,132741868.70702326,199112803.0605349,True,False,False,False,False,False,False,False
MAR041,Promopharm,PRP,Chimie & Parachimie,Casablanca-Settat,2021,7.558629330993436,0,15.574562062828914,0.7999987386207754,-0.0009785082793111,2.0,8.923582098668616e-07,2.208246154793755e-07,-0.975,-1.804,5,0.073275,0.14655,0.219825,-0.14288625000000002,19.863869177032523,0.9,10.0,1.0,6.851285775000001,13.702571550000002,20.553857325000003,True,False,False,False,False,False,False,False
MAR041,Promopharm,PRP,Chimie & Parachimie,Casablanca-Settat,2022,14.293209057101492,0,7.558629330993436,0.7999988799470178,0.5237215338682175,2.0,10.0,2.5374956777291213e-07,-1.207,-2.073,4,0.073275,0.14655,0.219825,-0.17688585000000004,19.863869177032523,1.9081050198519208e-07,10.0,1.0,7.87281255,15.7456251,23.61843765,True,False,False,False,False,False,False,False
MAR041,Promopharm,PRP,Chimie & Parachimie,Casablanca-Settat,2023,9.203222832272369,0,14.293209057101492,-0.0672945219997653,2.3617353341608697e-07,2.0,1.1502811658393155,1.9938072285255493,-1.624,-2.126,6,0.073275,0.14655,0.219825,-0.23799720000000005,19.863869177032523,0.9,0.9198445897054738,1.0,61859693.82641176,123719387.65282352,185579081.4792353,True,False,False,False,False,False,False,False
MAR041,Promopharm,PRP,Chimie & Parachimie,Casablanca-Settat,2024,10.311793396072414,0,9.203222832272369,-0.0609972639296154,0.1340454634051825,2.0,2.1706400373201795,2.294942441628589,-0.368,-1.164,1,0.073275,0.14655,0.219825,-0.0539304,19.863869177032523,0.5374583072351738,0.9270804110165778,1.0,71202689.38605826,142405378.7721165,213608068.15817475,True,False,False,False,False,False,False,False
MAR045,Ennakl Automobiles,ENA,Industrie (autres),Casablanca-Settat,2023,14.13505376344086,0,,-0.4000000000000001,2.0,2.0,0.3584229390681003,5.0,-1.624,-2.126,6,0.0458,0.0916,0.1374,-0.1487584,3.4339872044851463,0.8999999999999999,0.6666666666666666,1.0,2706877219855.9326,5413754439711.865,8120631659567.797,False,False,False,False,True,False,False,False
MAR045,Ennakl Automobiles,ENA,Industrie (autres),Casablanca-Settat,2024,14.13505376344086,0,14.13505376344086,-0.4000000000000001,2.0,2.0,0.3584229390681003,5.0,-0.368,-1.164,1,0.0458,0.0916,0.1374,-0.0337088,3.4339872044851463,0.8999999999999999,0.6666666666666666,1.0,1677569.651514,3355139.303028,5032708.954542,False,False,False,False,True,False,False,False
MAR046,Jet Contractors,JET,Industrie (autres),Rabat-Sale-Kenitra,2019,3.788903225806452,0,,0.4774193548387097,2.0,-2.0,3.3600000000000003,5.0,-0.23,-0.916,2,0.0458,0.0916,0.1374,-0.021068,3.4339872044851463,0.3225806451612903,2.48,-1.0,32.5638,65.1276,97.6914,False,False,False,False,True,False,False,False
MAR046,Jet Contractors,JET,Industrie (autres),Rabat-Sale-Kenitra,2020,6.429150723241437,0,3.788903225806452,0.3536357030871027,0.0009410453917334,4.139846887313994e-05,10.0,0.0033338010412055,0.484,-0.344,2,0.0458,0.0916,0.1374,0.044334399999999996,21.88264202841326,0.0586569113862392,1.8889023220053385,4.139846887313994e-05,486761.071342,973522.142684,1460283.214026,False,False,False,False,True,False,False,False
MAR046,Jet Contractors,JET,Industrie (autres),Rabat-Sale-Kenitra,2021,-1.039624228895234,1,6.429150723241437,-0.4000000000000001,2.0,-2.0,0.3584229390681003,0.3548387096774194,-0.682,-1.328,4,0.0458,0.0916,0.1374,-0.062471200000000005,3.4339872044851463,0.8999999999999999,0.6666666666666666,-1.0,0.5038,1.0076,1.5114,False,False,False,False,True,False,False,False
MAR046,Jet Contractors,JET,Industrie (autres),Rabat-Sale-Kenitra,2022,0.9350537634408608,1,-1.039624228895234,-0.4000000000000001,2.0,-2.0,0.3584229390681003,5.0,-1.828,-2.415,5,0.0458,0.0916,0.1374,-0.1674448,3.4339872044851463,0.8999999999999999,0.6666666666666666,-1.0,41403718.712709,82807437.425418,124211156.138127,False,False,False,False,True,False,False,False
MAR046,Jet Contractors,JET,Industrie (autres),Rabat-Sale-Kenitra,2023,14.13505376344086,0,0.9350537634408608,-0.4000000000000001,2.0,2.0,0.3584229390681003,5.0,-1.242,-1.997,3,0.0458,0.0916,0.1374,-0.1137672,3.4339872044851463,0.8999999999999999,0.6666666666666666,1.0,82807436.921618,165614873.843236,248422310.764854,False,False,False,False,True,False,False,False
MAR046,Jet Contractors,JET,Industrie (autres),Rabat-Sale-Kenitra,2024,14.13505376344086,0,14.13505376344086,-0.4000000000000001,2.0,2.0,0.3584229390681003,5.0,-0.702,-1.358,1,0.0458,0.0916,0.1374,-0.06430319999999999,3.4339872044851463,0.8999999999999999,0.6666666666666666,1.0,1677569.651514,3355139.303028,5032708.954542,False,False,False,False,True,False,False,False
MAR047,Involys,INV,Industrie (autres),Casablanca-Settat,2021,-0.2225136165151513,1,,0.0431697553743513,0.0305055596738324,-0.1224754138868297,0.0881075669068372,0.0342792191746973,-0.975,-1.804,5,0.0458,0.0916,0.1374,-0.08931,7.61258396431592,0.080455151964418,7.706126209120221,-0.1224754138868297,3.1768712000000003,6.353742400000001,9.5306136,False,False,False,False,True,False,False,False
MAR049,Fenie Brossette,FBR,Industrie (autres),Casablanca-Settat,2020,6.001289666757534,0,,0.0010740518541414,3.7074387858369716e-09,2.422242283166436e-07,10.0,2.1970816512088533e-12,0.283,-0.132,0,0.0,0.0,0.0,0.0,27.023777343348364,5.6896337802448575e-11,1.7190686306282343,2.422242283166436e-07,0.0,0.0,0.0,False,False,False,False,True,False,False,False
MAR049,Fenie Brossette,FBR,Industrie (autres),Casablanca-Settat,2021,0.0007082726739489,1,6.001289666757534,0.0005866979928366,2.753619678310589e-06,-4.5485685487880736e-10,6.170047142756214e-07,1.1313194394009453e-08,-0.975,-1.804,5,0.0458,0.0916,0.1374,-0.08931,27.023777343348364,4.2668209013316175e-05,10.0,-4.5485685487880736e-10,282.3112,564.6224,846.9336,False,False,False,False,True,False,False,False
MAR049,Fenie Brossette,FBR,Industrie (autres),Casablanca-Settat,2022,0.0005751266241368,1,0.0007082726739489,-7.669496754360705e-05,4.241807088983801e-06,-2.9549388342562e-10,2.0657101810997893e-08,0.0006612106361333,-1.207,-2.073,4,0.0458,0.0916,0.1374,-0.11056120000000001,27.023777343348364,0.0008884914023058,0.972905883655287,-2.9549388342562e-10,16499952.324553002,32999904.649106003,49499856.973659,False,False,False,False,True,False,False,False
MAR049,Fenie Brossette,FBR,Industrie (autres),Casablanca-Settat,2023,6.620594358490169,0,0.0005751266241368,0.0002905812344954,6.968689266627606e-05,0.1872112047868312,10.0,0.0023511235624993,-1.624,-2.126,6,0.0458,0.0916,0.1374,-0.1487584,27.023777343348364,0.0004590732647548,1.519528551843604,0.1872112047868312,58670300.461638,117340600.923276,176010901.38491398,False,False,False,False,True,False,False,False
MAR049,Fenie Brossette,FBR,Industrie (autres),Casablanca-Settat,2024,1.5364761839025585,1,6.620594358490169,2.5463680678625517e-10,6.968516624785055e-11,0.4584730628500389,0.0390797500459187,6.722606675565325e-05,-0.368,-1.164,1,0.0458,0.0916,0.1374,-0.0337088,27.023777343348364,4.696462319759729e-10,1.3621454282529764,0.4584730628500389,1677569.651514,3355139.303028,5032708.954542,False,False,False,False,True,False,False,False
MAR050,AFMA,AFM,Industrie (autres),Casablanca-Settat,2020,7.053142147687233,0,,0.7118688401950484,0.128132649253781,1.4291972120986036e-05,10.0,0.0194666669898828,0.283,-0.132,0,0.0458,0.0916,0.1374,0.0259228,22.94618793533345,0.0217589077979088,9.077379689210131,1.4291972120986036e-05,8233033.42587,16466066.85174,24699100.27761,False,False,False,False,True,False,False,False
MAR050,AFMA,AFM,Industrie (autres),Casablanca-Settat,2021,9.7600034393325,0,7.053142147687233,0.7999995159660088,2.0,-1.8636081314107066e-07,10.0,4.63516397274556e-06,-0.975,-1.804,5,0.0458,0.0916,0.1374,-0.08931,21.008320178936582,0.0468401975905731,10.0,-1.8636081314107066e-07,282.3112,564.6224,846.9336,False,False,False,False,True,False,False,False
MAR050,AFMA,AFM,Industrie (autres),Casablanca-Settat,2024,13.583524303974732,0,9.7600034393325,0.7999999859092255,0.0168030846427107,2.0,10.0,2.38386750315224e-09,-0.368,-1.164,1,0.0458,0.0916,0.1374,-0.0337088,25.51053347764446,0.0129155761915767,10.0,1.0,13.0988,26.1976,39.2964,False,False,False,False,True,False,False,False
MAR051,Med Paper,MDP,Industrie (autres),Casablanca-Settat,2019,6.120739411910057,0,,0.7950580677044725,0.423564615764764,-0.1325426241660489,0.0184498805699695,5.0,-0.057,-0.884,2,0.0458,0.0916,0.1374,-0.0052212000000000005,7.61258396431592,0.9,10.0,-0.1325426241660489,4580.0,9160.0,13740.0,False,False,False,False,True,False,False,False
MAR051,Med Paper,MDP,Industrie (autres),Casablanca-Settat,2020,14.32,0,6.120739411910057,-0.4,-2.0,2.0,10.0,5.0,0.283,-0.132,0,0.0458,0.0916,0.1374,0.0259228,7.61258396431592,0.9,0.6666666666666666,1.0,924794.516,1849589.032,2774383.548,False,False,False,False,True,False,False,False
MAR051,Med Paper,MDP,Industrie (autres),Casablanca-Settat,2021,2.3788312165390004,0,14.32,0.4818952310353349,-2.0,-0.1224754138868297,0.0078763418718941,5.0,-0.975,-1.804,5,0.0458,0.0916,0.1374,-0.08931,7.61258396431592,0.9,2.5148947078151584,-0.1224754138868297,925252.5618,1850505.1236,2775757.6854,False,False,False,False,True,False,False,False
MAR051,Med Paper,MDP,Industrie (autres),Casablanca-Settat,2022,1.4607297586689731,1,2.3788312165390004,-0.4,-2.0,-0.0795651099579935,0.0054910358839195,5.0,-1.207,-2.073,4,0.0458,0.0916,0.1374,-0.11056120000000001,7.61258396431592,0.9,0.6666666666666666,-0.0795651099579935,925710.6076,1851421.2152,2777131.8228,False,False,False,False,True,False,False,False
MAR051,Med Paper,MDP,Industrie (autres),Casablanca-Settat,2024,7.180441160052145,0,1.4607297586689731,0.2049659006671609,0.1930313812700766,2.0,0.0232418148138679,0.0502930565851247,-0.368,-1.164,1,0.0458,0.0916,0.1374,-0.0337088,7.61258396431592,0.2126310847541389,1.3444607643443824,1.0,4.6609744,9.3219488,13.9829232,False,False,False,False,True,False,False,False
MAR052,Rebab Company,REB,Industrie (autres),Casablanca-Settat,2019,3.083951670220327,0,,-0.088415067519545,2.0,-2.0,3.316749585406302,5.0,-0.057,-0.884,2,0.0458,0.0916,0.1374,-0.0052212000000000005,2.420901319812088,0.9,0.9004800000000002,-1.0,4.122,8.244,12.366,False,False,False,False,True,False,False,False
MAR052,Rebab Company,REB,Industrie (autres),Casablanca-Settat,2020,6.975458422174841,0,3.083951670220327,-0.1871179815209665,2.0,-2.0,10.0,5.0,0.283,-0.132,0,0.0458,0.0916,0.1374,0.0259228,2.420901319812088,0.9,0.8104401044010441,-1.0,210.222,420.444,630.6659999999999,False,False,False,False,True,False,False,False
MAR052,Rebab Company,REB,Industrie (autres),Casablanca-Settat,2021,0.9143982652692452,1,6.975458422174841,-0.4,2.0,-2.0,0.3239971087820746,5.0,-0.975,-1.804,5,0.0458,0.0916,0.1374,-0.08931,3.974753643329201,0.8316020812592745,0.6666666666666666,-1.0,282.3112,564.6224,846.9336,False,False,False,False,True,False,False,False
MAR052,Rebab Company,REB,Industrie (autres),Casablanca-Settat,2022,0.8633645509643069,1,0.9143982652692452,-0.4,2.0,-2.0,0.238940918273843,5.0,-1.207,-2.073,4,0.0458,0.0916,0.1374,-0.11056120000000001,3.839484570137546,0.8999999999999999,0.6666666666666666,-1.0,1079101.7234,2158203.4468,3237305.1702,False,False,False,False,True,False,False,False
MAR052,Rebab Company,REB,Industrie (autres),Casablanca-Settat,2023,2.136622537062057,0,0.8633645509643069,-0.2829301413267616,2.0,-2.0,2.1268978444236177,5.0,-1.624,-2.126,6,0.0458,0.0916,0.1374,-0.1487584,3.6830122758358894,0.4293114721118543,0.6666666666666666,-1.0,7521.963,15043.926,22565.889,False,False,False,False,True,False,False,False
MAR053,Risma,RIS,Industrie (autres),Casablanca-Settat,2020,4.5442073476793805,0,,-0.4,-0.0008435300881284,0.0076933623456295,3.2343697062464573e-07,5.0,0.283,-0.132,0,0.0458,0.0916,0.1374,0.0259228,17.352207186421904,0.9,0.6666666666666666,0.0076933623456295,65263557439.4152,130527114878.8304,195790672318.2456,False,False,False,False,True,False,False,False
MAR053,Risma,RIS,Industrie (autres),Casablanca-Settat,2021,-1.039624228895234,1,4.5442073476793805,-0.4000000000000001,0.4304959437317668,-0.5501258841865484,1.0152288508142215,0.0439595572073692,-0.975,-1.804,5,0.0458,0.0916,0.1374,-0.08931,5.52238049492163,0.6118011429484874,0.6666666666666666,-0.5501258841865484,0.5038,1.0076,1.5114,False,False,False,False,True,False,False,False
MAR053,Risma,RIS,Industrie (autres),Casablanca-Settat,2022,4.496250154596393,0,-1.039624228895234,-0.4,-0.0084464906817046,-0.0036136505784735,4.807662375371268e-07,5.0,-1.207,-2.073,4,0.0458,0.0916,0.1374,-0.11056120000000001,16.95583028627153,0.9,0.6666666666666666,-0.0036136505784735,16499952.324553002,32999904.649106003,49499856.973659,False,False,False,False,True,False,False,False
MAR053,Risma,RIS,Industrie (autres),Casablanca-Settat,2023,8.33610305958132,0,4.496250154596393,-0.4000000000000001,-2.0,2.0,0.026838432635534,5.0,-1.624,-2.126,6,0.0458,0.0916,0.1374,-0.1487584,6.025865973825314,0.9,0.6666666666666666,1.0,58670300.461638,117340600.923276,176010901.38491398,False,False,False,False,True,False,False,False
MAR053,Risma,RIS,Industrie (autres),Casablanca-Settat,2024,9.38242186050582,0,8.33610305958132,0.4838930165397743,-2.0,2.0,0.0029170677634841,5.0,-0.368,-1.164,1,0.0458,0.0916,0.1374,-0.0337088,8.245121966478605,0.9,2.5307887577898454,1.0,537927927880.895,1075855855761.79,1613783783642.6848,False,False,False,False,True,False,False,False
MAR054,Microdata,MIC,Industrie (autres),Casablanca-Settat,2020,0.4713240356004705,1,,-5.49297556584765e-09,0.0431376238714032,8.191423087890504e-05,0.0055005500550055,0.407360721777173,0.283,-0.132,0,0.0458,0.0916,0.1374,0.0259228,21.200213189850203,1.1283875230181956e-06,0.6666666666666667,8.191423087890504e-05,30059394.835932,60118789.671864,90178184.507796,False,False,False,False,True,False,False,False
MAR054,Microdata,MIC,Industrie (autres),Casablanca-Settat,2021,7.400731017251892,0,0.4713240356004705,0.0013343217197924,2.0,-0.1224754138868297,0.0054978283577986,5.0,-0.975,-1.804,5,0.0458,0.0916,0.1374,-0.08931,7.61258396431592,0.8988880652335064,1.183673469387755,-0.1224754138868297,24781992.15873,49563984.31746,74345976.47619,False,False,False,False,True,False,False,False
MAR054,Microdata,MIC,Industrie (autres),Casablanca-Settat,2022,7.537174011497447,0,7.400731017251892,-0.0029651593773165,2.0,-0.0795651099579935,0.0054951093526761,5.0,-1.207,-2.073,4,0.0458,0.0916,0.1374,-0.11056120000000001,7.61258396431592,0.8993328391401038,0.6666666666666666,-0.0795651099579935,31920802.925706003,63841605.851412006,95762408.777118,False,False,False,False,True,False,False,False
MAR054,Microdata,MIC,Industrie (autres),Casablanca-Settat,2023,14.087647403979949,0,7.537174011497447,-0.4000000000000001,2.0,2.0,0.2794123399665822,5.0,-1.624,-2.126,6,0.0458,0.0916,0.1374,-0.1487584,3.6830122758358894,0.9,0.6666666666666666,1.0,34533164.001658,69066328.003316,103599492.004974,False,False,False,False,True,False,False,False
MAR054,Microdata,MIC,Industrie (autres),Casablanca-Settat,2024,14.399857888224574,0,14.087647403979949,-0.0028632661808829,2.0,2.0,0.0054896794027228,5.0,-0.368,-1.164,1,0.0458,0.0916,0.1374,-0.0337088,7.97805382333564,0.6246378054007715,0.6666666666666667,1.0,41240416.622324,82480833.244648,123721249.86697198,False,False,False,False,True,False,False,False
MAR055,Eqdom,EQD,Industrie (autres),Casablanca-Settat,2020,11.799046592872076,0,,0.294877536089791,0.3178023090017332,8.191423087890504e-05,10.0,5.0,0.283,-0.132,0,0.0458,0.0916,0.1374,0.0259228,21.200213189850203,0.1203869960750013,1.5837743461399665,8.191423087890504e-05,961892166383.2726,1923784332766.545,2885676499149.818,False,False,False,False,True,False,False,False
MAR055,Eqdom,EQD,Industrie (autres),Casablanca-Settat,2021,0.228569260074293,1,11.799046592872076,3.3658177227651064e-06,0.0084820793063959,-2.6094605438654226e-12,6.170047142756214e-07,0.2166899398698541,-0.975,-1.804,5,0.0458,0.0916,0.1374,-0.08931,32.184616596341435,2.44782521585428e-07,10.0,-2.6094605438654226e-12,942552646189.2058,1885105292378.412,2827657938567.617,False,False,False,False,True,False,False,False
