firm_id,firm_name,sector,region,year,total_assets,current_assets,current_liabilities,retained_earnings,ebit,total_debt,revenue,market_cap,ticker,year_listed,X1,X2,X3,X4,X5,zscore,zscore_zone,in_distress,in_grey,in_safe,log_assets,leverage,liquidity,roa,revenue_growth,zscore_lag1
MAR001,Cosumar,Agro-alimentaire & Boissons,Casablanca-Settat,2019,10995.5,8796.4,13194.599999999999,4417999914.071,1455.3,9895.95,8211.5,10.0,CSR,2000,-0.3999999999999999,2.0,0.13235414487744987,0.0010105144023565195,0.7468055113455504,3.504180498082549,Safe,0,0,1,9.305241377170903,0.9,0.6666666666666667,0.13235414487744987,,
MAR001,Cosumar,Agro-alimentaire & Boissons,Casablanca-Settat,2020,11540.8,9232.64,13848.96,2019.0,1414.5,10386.72,8630.2,10.0,CSR,2000,-0.4,0.17494454457230002,0.12256516012754749,0.0009627678420136483,0.7477991127131569,0.9177641642404918,Distress,1,0,0,9.353643861749408,0.9,0.6666666666666666,0.12256516012754749,0.05098946599281495,3.504180498082549
MAR001,Cosumar,Agro-alimentaire & Boissons,Casablanca-Settat,2021,12155.3,9724.24,14586.36,232.729,1408.1,10939.77,11.0,10.0,CSR,2000,-0.4000000000000001,0.019146298322542433,0.11584247200809523,0.000914096000190132,0.0009049550401882307,-0.06946161208142414,Distress,1,0,0,9.4055205676468,0.9000000000000001,0.6666666666666666,0.11584247200809523,-0.5,0.9177641642404918
MAR001,Cosumar,Agro-alimentaire & Boissons,Casablanca-Settat,2022,11.986,9.5888,14.383200000000002,9293.6,951.7,10.787400000000002,10432.9,10.0,CSR,2000,-0.4000000000000001,2.0,2.0,0.9270074345996253,5.0,14.476204460759774,Safe,0,0,1,2.4837393020359935,0.9000000000000001,0.6666666666666666,1.0,1.0,-0.06946161208142414
MAR001,Cosumar,Agro-alimentaire & Boissons,Casablanca-Settat,2023,14387.9,11510.32,17265.48,10233.1,1374.7,12949.11,584.0,10.0,CSR,2000,-0.4,0.7112295748510902,0.0955455625907881,0.0007722538460172165,0.04058966214666491,0.872074775795402,Distress,1,0,0,9.574142854555053,0.9,0.6666666666666666,0.0955455625907881,-0.5,14.476204460759774
MAR001,Cosumar,Agro-alimentaire & Boissons,Casablanca-Settat,2024,12589.0,10071.2,15106.800000000001,194245137.05,65.8,11330.1,355.56,10.0,CSR,2000,-0.4,2.0,0.005226785288744142,0.0008826047431178895,0.028243704821669713,2.366021659120396,Grey,0,1,0,9.44057869576626,0.9,0.6666666666666666,0.005226785288744142,-0.39116438356164385,0.872074775795402
MAR002,Lesieur Cristal,Agro-alimentaire & Boissons,Casablanca-Settat,2019,1615334252.95,1292267402.3600001,1466421182.08,855643150.21,698.15,14632897.95,11.0,4072509419.2,LES,2000,-0.10781284393737822,0.5297003692253687,4.3220156987633075e-07,10.0,6.809736114931803e-09,6.612206537265579,Safe,0,0,1,21.202807739977054,0.009058743057838776,0.8812389088154218,4.3220156987633075e-07,,
MAR002,Lesieur Cristal,Agro-alimentaire & Boissons,Casablanca-Settat,2020,244259.0,195407.2,293110.80000000005,772748620.21,742.25,219833.1,11.0,10.0,LES,2000,-0.40000000000000013,2.0,0.003038782603711634,4.5489055105896244e-05,4.503416455483728e-05,2.3301003101898665,Grey,0,1,0,12.4059844167185,0.9,0.6666666666666666,0.003038782603711634,0.0,6.612206537265579
MAR002,Lesieur Cristal,Agro-alimentaire & Boissons,Casablanca-Settat,2021,52653966.0,42123172.8,63184759.199999996,827623799.7,263163761.31,47388569.4,11.0,10.0,LES,2000,-0.39999999999999997,2.0,2.0,2.110213523348101e-07,2.08911138811462e-07,8.92000033552395,Safe,0,0,1,17.7792521213426,0.9,0.6666666666666666,1.0,0.0,2.3301003101898665
MAR002,Lesieur Cristal,Agro-alimentaire & Boissons,Casablanca-Settat,2022,67405265.0,53924212.0,80886318.0,422907256.64,309463.0,60664738.5,48636897.0,10.0,LES,2000,-0.4,2.0,0.0045910805335458585,1.6484040395228936e-07,0.7215593173619301,3.0567099820268737,Safe,0,0,1,18.026233688558666,0.9,0.6666666666666666,0.0045910805335458585,1.0,8.92000033552395
MAR002,Lesieur Cristal,Agro-alimentaire & Boissons,Casablanca-Settat,2023,52406740.0,41925392.0,62888088.0,515681484.48,46374.0,47166066.0,584.0,10.0,LES,2000,-0.4,2.0,0.0008848861806706542,2.1201683430625738e-07,1.1143604811136887e-05,2.3229313952111252,Grey,0,1,0,17.774545766973862,0.9,0.6666666666666666,0.0008848861806706542,-0.5,3.0567099820268737
MAR002,Lesieur Cristal,Agro-alimentaire & Boissons,Casablanca-Settat,2024,53145240.0,42516192.0,63774288.0,469291038.68,25650413.0,47830716.0,23.9,10.0,LES,2000,-0.4,2.0,0.48264742054039084,2.0907067333050168e-07,4.497110183339091e-07,3.9127370629367118,Safe,0,0,1,17.78853910088656,0.9,0.6666666666666666,0.48264742054039084,-0.5,2.3229313952111252
MAR003,Centrale Danone,Agro-alimentaire & Boissons,Casablanca-Settat,2019,32923258.0,26338606.4,39507909.599999994,537380591.0,-59.0,29630932.2,8211.5,10.0,CDM,2000,-0.39999999999999986,2.0,-1.7920462185121533e-06,3.374851635616108e-07,0.00024941334785275504,2.3202437020864295,Grey,0,1,0,17.309689896069408,0.9,0.6666666666666667,-1.7920462185121533e-06,,
MAR003,Centrale Danone,Agro-alimentaire & Boissons,Casablanca-Settat,2020,32273292.0,25818633.6,38727950.400000006,537380591.0,70.0,29045962.8,4320.6,10.0,CDM,2000,-0.40000000000000013,2.0,2.1689761304796548e-06,3.442819254729611e-07,0.00013387540384786283,2.3201412395942334,Grey,0,1,0,17.289750573079772,0.9,0.6666666666666666,2.1689761304796548e-06,-0.4738354746392255,2.3202437020864295
MAR005,Dari Couspate,Agro-alimentaire & Boissons,Casablanca-Settat,2019,16258775.5,13007020.4,19510530.6,195644283.16,698.15,14632897.95,630191307.07,10.0,DAR,2004,-0.4000000000000001,2.0,4.293988806229596e-05,6.833916312523727e-07,5.0,7.320142111665584,Safe,0,0,1,16.604143351745112,0.8999999999999999,0.6666666666666666,4.293988806229596e-05,,
MAR009,LafargeHolcim Maroc,Materiaux de construction,Casablanca-Settat,2019,1610081141.84,580746092.6,871119138.9000001,171127880.06,7953481969.0,1449073027.656,1165979450.0,10.0,LHM,2000,-0.180346840140095,0.10628525209880736,2.0,6.9009634498379e-09,0.7241743410940887,7.256557490004882,Safe,0,0,1,21.1995504133312,0.9,0.6666666666666666,1.0,,
MAR009,LafargeHolcim Maroc,Materiaux de construction,Casablanca-Settat,2021,10266659494.89,719789425.95,7566023.95,1039409693.32,30763496.0,9239993545.401,1165979450.0,10.0,LHM,2000,0.06937245774582212,0.10124127461686472,0.0029964465087511517,1.0822518382577527e-09,0.11356950628199369,0.34844251416882077,Distress,1,0,0,23.05216753970791,0.8999999999999999,10.0,0.0029964465087511517,0.0,7.256557490004882
MAR009,LafargeHolcim Maroc,Materiaux de construction,Casablanca-Settat,2022,1235.2,988.1600000000001,1482.2400000000002,1492713561.24,34962696.0,1111.68,1539092874.0,10.0,LHM,2000,-0.40000000000000013,2.0,2.0,0.008995394358088658,5.0,13.925397236614852,Safe,0,0,1,7.118988179270512,0.9,0.6666666666666666,1.0,0.32000000000000006,0.34844251416882077
MAR009,LafargeHolcim Maroc,Materiaux de construction,Casablanca-Settat,2023,5.0,4.0,6.0,1281091945.06,26962978.0,4.5,1539092874.0,10.0,LHM,2000,-0.4,2.0,2.0,2.2222222222222223,5.0,15.253333333333334,Safe,0,0,1,1.6094379124341003,0.9,0.6666666666666666,1.0,0.0,13.925397236614852
MAR009,LafargeHolcim Maroc,Materiaux de construction,Casablanca-Settat,2024,10118732661.32,649727311.2,6520716.15,1155115718.75,29783294.0,9106859395.188,1005714374.85,10.0,LHM,2000,0.06356592436805154,0.11415616534327075,0.002943381844037644,1.09807339347788e-09,0.09939133768149216,0.34520223914790127,Distress,1,0,0,23.037654261868802,0.9,10.0,0.002943381844037644,-0.34655380981901684,15.253333333333334
MAR010,Ciments du Maroc,Materiaux de construction,Souss-Massa,2019,61618086425616.0,843481703.19,988060821.84,36243490.0,39112183750256.0,9900132800.21,22505902675360.0,123216372585631.58,CMA,2000,-2.3463746934843996e-06,5.881956435591739e-07,0.634751677942342,10.0,0.36524832205765806,8.459926867091655,Safe,0,0,1,31.75197655417826,0.0001606692673288584,0.8536738675856412,0.634751677942342,,
MAR010,Ciments du Maroc,Materiaux de construction,Souss-Massa,2021,57527752548170.336,897987918.8,1163126902.15,244642298.92,132270026871.0,10599209897.91,3624858777.1,10.0,CMA,2000,-4.608888260113907e-06,4.252596148531111e-06,0.002299238558993677,9.434665504616381e-10,6.30106099497761e-05,0.007650921389404647,Distress,1,0,0,31.68328860030401,0.00018424515870031337,0.772046383881329,0.002299238558993677,-0.5,8.459926867091655
MAR010,Ciments du Maroc,Materiaux de construction,Souss-Massa,2022,53437418670724.66,1043186926.8,908156626.74,385952755.96,162.793,10848986542.62,3334721186.38,161.116,CMA,2000,2.5268866539389077e-06,7.22251870619345e-06,3.046423349958427e-12,1.485078807749087e-08,6.240423413653597e-05,7.555694483597704e-05,Distress,1,0,0,31.609532340673017,0.00020302227937824303,1.1486861363823515,3.046423349958427e-12,-0.0800410743041744,0.007650921389404647
MAR010,Ciments du Maroc,Materiaux de construction,Souss-Massa,2023,49347084793279.0,926478162.66,914912251.34,385952755.96,12471195.0,202541020.65,37583622.0,98693764504516.7,CMA,2000,2.3437881626545836e-07,7.82118655188657e-06,2.5272404747399706e-07,10.0,7.616178778836158e-07,6.000012826522987,Safe,0,0,1,31.529899807991868,4.1044171403127305e-06,1.012641552567539,2.5272404747399706e-07,-0.5,7.555694483597704e-05
MAR010,Ciments du Maroc,Materiaux de construction,Souss-Massa,2024,50696864934708.0,951145774.19,1110652322.68,357080780.0,13811245.0,232596377.81,39013758.0,101393264676660.38,CMA,2000,-3.1462803211880446e-06,7.043448948172256e-06,2.724279897344218e-07,10.0,7.695497157515645e-07,6.000007753854224,Safe,0,0,1,31.556885189006447,4.587983460309797e-06,0.8563848062685258,2.724279897344218e-07,0.0380521068459021,6.000012826522987
MAR011,SONASID,Materiaux de construction,Rabat-Sale-Kenitra,2019,35343763931698.0,1049954517.44,1055806870.22,845654313.94,20192018.0,4186369014.4,3622.1,70679155125367.2,SID,2000,-1.655837445980477e-07,2.3926549406968404e-05,5.713035555302253e-07,10.0,1.0248201088598618e-10,6.000035183872891,Safe,0,0,1,31.196143083421997,0.00011844717564575689,0.9944569855102567,5.713035555302253e-07,,
MAR011,SONASID,Materiaux de construction,Rabat-Sale-Kenitra,2020,8766950846820.0,52.378,78.56700000000001,8407781.0,289.0,365.411,224309.0,3309.178,SID,2000,-2.987241568657755e-12,9.590313835339593e-07,3.296471088403875e-11,9.056043742525539,2.5585748559473524e-08,5.4336276138502075,Safe,0,0,1,29.802010181905843,4.168051200293247e-11,0.6666666666666666,3.296471088403875e-11,1.0,6.000035183872891
MAR011,SONASID,Materiaux de construction,Rabat-Sale-Kenitra,2021,2538.0,2030.4,3045.6000000000004,149677534.84,166.734,2284.2000000000003,1823289.92,10.0,SID,2000,-0.40000000000000013,2.0,0.06569503546099291,0.004377900358987829,5.0,7.539420357236669,Safe,0,0,1,7.839131648274333,0.9000000000000001,0.6666666666666666,0.06569503546099291,1.0,5.4336276138502075
MAR011,SONASID,Materiaux de construction,Rabat-Sale-Kenitra,2022,580.636,408.384,78.214,2245237.09,162.793,424.52,823.289,312.232,SID,2000,0.5686350829090859,2.0,0.28037014584007885,0.7354942052200133,1.4179089825639473,6.266789086459118,Safe,0,0,1,6.364124054490907,0.731129313373611,5.221367018692306,0.28037014584007885,-0.5,7.539420357236669
MAR011,SONASID,Materiaux de construction,Rabat-Sale-Kenitra,2023,883.177,706.5416,436.536,42.858,116.941,624.512,116.572,517.3300000000002,SID,2000,0.30572082379862703,0.04852707894340545,0.13240947171405051,0.8283747950399676,0.13199166192054368,1.500770694680011,Distress,1,0,0,6.783525633517074,0.7071198638551501,1.6185185185185185,0.13240947171405051,-0.5,6.266789086459118
MAR011,SONASID,Materiaux de construction,Rabat-Sale-Kenitra,2024,53057654883177.0,26.071,39.106500000000004,3042858.26,222327116941.0,811.424,116.572,106115309764731.16,SID,2000,-2.4568556655400107e-13,5.73500330291605e-08,0.004190292945108912,10.0,2.1970816512088533e-12,6.013828047010808,Safe,0,0,1,31.60240026620903,1.5293250366730368e-11,0.6666666666666666,0.004190292945108912,0.0,1.500770694680011
MAR013,Aluminium du Maroc,Materiaux de construction,Casablanca-Settat,2020,31.0,24.8,37.2,30600000.0,5234489911.5,27.900000000000002,849909893.0,10.0,ALM,2000,-0.4000000000000001,2.0,2.0,0.35842293906810035,5.0,14.13505376344086,Safe,0,0,1,3.4339872044851463,0.9,0.6666666666666666,1.0,,
MAR013,Aluminium du Maroc,Materiaux de construction,Casablanca-Settat,2021,1235.2,988.16,251.1,31.0,30763496.0,1111.68,848.9,10.0,ALM,2000,0.5967130829015543,0.025097150259067356,2.0,0.008995394358088658,0.6872571243523315,8.043846070811744,Safe,0,0,1,7.118988179270512,0.9,3.9353245718837115,1.0,-0.5,14.13505376344086
MAR013,Aluminium du Maroc,Materiaux de construction,Casablanca-Settat,2022,1235.2,988.16,1482.24,31.0,92.9,31.0,908.7,161.116,ALM,2000,-0.4,0.025097150259067356,0.07521049222797928,5.1972903225806455,0.7356703367875648,3.657375165050978,Safe,0,0,1,7.118988179270512,0.025097150259067356,0.6666666666666666,0.07521049222797928,0.07044410413476276,8.043846070811744
MAR013,Aluminium du Maroc,Materiaux de construction,Casablanca-Settat,2023,1235.2,988.16,1482.24,31.0,80.0,1111.68,67722287.7,517.3300000000002,ALM,2000,-0.4,0.025097150259067356,0.06476683937823834,0.4653587363270007,5.0,5.048081822107081,Safe,0,0,1,7.118988179270512,0.9,0.6666666666666666,0.06476683937823834,1.0,3.657375165050978
MAR014,Nexans Maroc,Materiaux de construction,Casablanca-Settat,2019,35343763931698.0,767938792.41,624310889.03,158550000.0,7953481969.0,976710907.45,16040931.48,70679155125367.2,NEX,2000,4.063741022534035e-06,4.48593987630742e-06,0.00022503211554859135,10.0,4.538546463528667e-07,6.000754216641011,Safe,0,0,1,31.196143083421997,2.763460364146554e-05,1.2300583025280185,0.00022503211554859135,,
MAR014,Nexans Maroc,Materiaux de construction,Casablanca-Settat,2020,17533901693609.0,689414720.68,666157600.0,258167033.08,10468979534.0,1006958511.98,46707906.14,35065789470194.04,NEX,2000,1.3264087529632396e-06,1.4723878209839646e-05,0.0005970707328543925,10.0,2.663862667658548e-06,6.001995202401084,Safe,0,0,1,30.49515736246402,5.7429232214016017e-05,1.0349123400828872,0.0005970707328543925,1.0,6.000754216641011
MAR015,Managem,Energie & Mines,Casablanca-Settat,2019,12450.3,9960.24,14940.36,1581.0,885.0,182.8,199.5,26988.500000000004,MNG,2000,-0.4000000000000001,0.12698489193031495,0.07108262451507193,10.0,0.01602371027204164,5.94837521987422,Safe,0,0,1,9.429499997988083,0.014682377131474746,0.6666666666666666,0.07108262451507193,,
MAR015,Managem,Energie & Mines,Casablanca-Settat,2020,13661.8,607.744,50.0,1619.0,522.1,146.126,7264.553,29734.4828,MNG,2000,0.04082507429474887,0.11850561419432286,0.03821604766575415,10.0,0.5317420105696175,6.872752916892357,Safe,0,0,1,9.522358896039567,0.010695955145002855,10.0,0.03821604766575415,1.0,5.94837521987422
MAR015,Managem,Energie & Mines,Casablanca-Settat,2021,13661.8,10929.44,16394.16,2019.0,317.4,12295.619999999999,28666.0,63172902954872.86,MNG,2000,-0.39999999999999997,0.14778433295758978,0.0232326633386523,10.0,2.098259380169524,7.901825235327702,Safe,0,0,1,9.522358896039567,0.9,0.6666666666666667,0.0232326633386523,1.0,6.872752916892357
MAR015,Managem,Energie & Mines,Casablanca-Settat,2022,19305158.0,15444126.4,23166189.6,2021.0,19931317.4,64808.8,380.2,42328768.24,MNG,2000,-0.4000000000000001,0.00010468704788637317,1.0324348238952512,10.0,1.9694218508856545e-05,8.927201174939878,Safe,0,0,1,16.775882872055167,0.0033570717214539245,0.6666666666666666,1.0,-0.5,7.901825235327702
MAR015,Managem,Energie & Mines,Casablanca-Settat,2023,23242.2,18593.76,27890.64,609000.0,1044.7,20917.98,368.2,10.0,MNG,2000,-0.4,2.0,0.04494841280085362,0.0004780576327159697,0.0158418738329418,2.484458470655388,Grey,0,1,0,10.05372487085723,0.8999999999999999,0.6666666666666666,0.04494841280085362,-0.03156233561283539,8.927201174939878
MAR015,Managem,Energie & Mines,Casablanca-Settat,2024,22.0,17.6,26.400000000000002,64.0,1252.3,19.8,8859.8,10.0,MNG,2000,-0.4,2.0,2.0,0.5050505050505051,5.0,14.223030303030303,Safe,0,0,1,3.091042453358316,0.9,0.6666666666666666,1.0,1.0,2.484458470655388
MAR016,SMI,Energie & Mines,Marrakech-Safi,2019,31.0,24.8,37.2,4743.0,885.0,27.9,2721138.73,26988.500000000004,SMI,2000,-0.4000000000000001,2.0,2.0,10.0,5.0,19.92,Safe,0,0,1,3.4339872044851463,0.8999999999999999,0.6666666666666666,1.0,,
MAR016,SMI,Energie & Mines,Marrakech-Safi,2020,31.0,14.8,22.200000000000003,36.0,522.1,27.9,98162.81,29734.4828,SMI,2000,-0.23870967741935492,1.1612903225806452,2.0,10.0,5.0,18.939354838709676,Safe,0,0,1,3.4339872044851463,0.8999999999999999,0.6666666666666666,1.0,-0.5,19.92
MAR016,SMI,Energie & Mines,Marrakech-Safi,2021,31.0,24.8,7.0,13.0,-7912.0,27.9,98162.81,63172902954872.86,SMI,2000,0.5741935483870968,0.41935483870967744,-2.0,10.0,5.0,5.676129032258065,Safe,0,0,1,3.4339872044851463,0.8999999999999999,3.542857142857143,-1.0,0.0,18.939354838709676
MAR016,SMI,Energie & Mines,Marrakech-Safi,2022,31.0,24.8,37.2,2021.0,19931317.4,27.9,4799545.55,42328768.24,SMI,2000,-0.4000000000000001,2.0,2.0,10.0,5.0,19.92,Safe,0,0,1,3.4339872044851463,0.8999999999999999,0.6666666666666666,1.0,1.0,5.676129032258065
MAR016,SMI,Energie & Mines,Marrakech-Safi,2023,31.0,0.0,,98.5,209647865605.35,27.9,5039037.31,10.0,SMI,2000,-0.39999999999999997,2.0,2.0,0.35842293906810035,5.0,14.13505376344086,Safe,0,0,1,3.4339872044851463,0.8999999999999999,,1.0,0.04989884094338892,19.92
MAR016,SMI,Energie & Mines,Marrakech-Safi,2024,11441155.0,9152924.0,13729386.0,120.0,261235.0,10297039.5,5039037.31,10.0,SMI,2000,-0.4,1.0488451559304983e-05,0.022832922025791975,9.711529221578688e-07,0.44043082276221235,0.03579473197126215,Distress,1,0,0,16.252727500358116,0.9,0.6666666666666666,0.022832922025791975,0.0,14.13505376344086
MAR017,TotalEnergies Marketing MA,Energie & Mines,Casablanca-Settat,2021,28719902763910.0,2316597347.52,3474896021.2799997,1338227520.84,1310666762931.0,4946875331.43,17543507331.06,63172902954872.86,TMA,2000,-4.0330870312539526e-05,4.659582352491956e-05,0.04563618385846382,10.0,0.0006108484236619882,6.151227092265152,Safe,0,0,1,30.98861147444511,0.0001722455459579878,0.6666666666666667,0.04563618385846382,,
MAR017,TotalEnergies Marketing MA,Energie & Mines,Casablanca-Settat,2023,31496192905786.0,4833271464.48,5684689612.61,1701519061.11,419295730166.0,737390238.56,20946422239.51,69290002134204.375,TMA,2000,-2.7032414700939636e-05,5.40230073583726e-05,0.013312584521571602,10.0,0.0006650461629494923,6.044639768396796,Safe,0,0,1,31.080887794322184,2.3412043505249735e-05,0.85022609743875,0.013312584521571602,0.19397004511323046,6.151227092265152
MAR017,TotalEnergies Marketing MA,Energie & Mines,Casablanca-Settat,2024,31613913149619.0,2957038399.32,4402837051.51,1258505440.82,1340300419295.0,697106199.43,20909935556.16,69549075295523.06,TMA,2000,-4.5732986149088104e-05,3.980859423709675e-05,0.04239590375768312,10.0,0.0006614156070208601,6.1405687504559285,Safe,0,0,1,31.08461842916732,2.2050614111919937e-05,0.6716211308128817,0.04239590375768312,-0.0017419052730244244,6.044639768396796
MAR019,Stroc Industrie,Energie & Mines,Casablanca-Settat,2019,13661.8,10929.44,16394.16,-103.749,885.0,12295.619999999999,8040.0,26988.500000000004,STR,2008,-0.39999999999999997,-0.007594094482425449,0.06477916526372807,2.1949686148400818,0.5885022471416651,1.628622929140621,Distress,1,0,0,9.522358896039567,0.9,0.6666666666666667,0.06477916526372807,,
MAR019,Stroc Industrie,Energie & Mines,Casablanca-Settat,2021,13661.8,10929.44,16394.16,848.895,317.4,12295.619999999999,82.0,63172902954872.86,STR,2008,-0.39999999999999997,0.06213639491135868,0.0232326633386523,10.0,0.006002137346469719,5.689660879239924,Safe,0,0,1,9.522358896039567,0.9,0.6666666666666667,0.0232326633386523,-0.5,1.628622929140621
MAR019,Stroc Industrie,Energie & Mines,Casablanca-Settat,2023,13661.8,10929.44,16394.16,711.526,209647865605.35,12295.619999999999,600.0,10.0,STR,2008,-0.39999999999999997,0.052081424116880645,2.0,0.0008132977434240811,0.04391807814490038,6.237320050554587,Safe,0,0,1,9.522358896039567,0.9,0.6666666666666667,1.0,1.0,5.689660879239924
MAR020,Label'Vie,Distribution & Commerce,Rabat-Sale-Kenitra,2021,8935924100.0,171327619.0,256991428.5,158080318.0,5405765.4,302060534.0,12549563866331.73,15540954418.8,LBV,2008,-0.00958645222825919,0.017690427563054167,0.0006049475509757296,10.0,5.0,11.015259182832585,Safe,0,0,1,22.913345404944025,0.03380294311139012,0.6666666666666666,0.0006049475509757296,,
MAR021,Auto Hall,Distribution & Commerce,Casablanca-Settat,2019,770.843,345.862,518.793,9662372.23,325.3,480.48,170.874,522.6533999999999,AUTO,2000,-0.2243401055727301,2.0,0.4220055186334961,1.0877734765234763,0.22167159849671075,4.797745769214057,Safe,0,0,1,6.647484721180379,0.6233175886659151,0.6666666666666667,0.4220055186334961,,
MAR021,Auto Hall,Distribution & Commerce,Casablanca-Settat,2020,1854209766.0765,104826403.171,50321885.412,3785705.31,161.745,381894902.754,353.462,1156672348669.3428,AUTO,2000,0.029395011695106825,0.0020416812484007874,8.72312307696727e-08,10.0,1.9062675996358497e-07,6.0381328462717105,Safe,0,0,1,21.340724440126035,0.20596100276296572,2.0831175603369303,8.72312307696727e-08,1.0,4.797745769214057
MAR021,Auto Hall,Distribution & Commerce,Casablanca-Settat,2021,3708418761.31,239.472,294.683,279354.25,161.745,488.206,353.462,6675152891.5872,AUTO,2000,-1.4888016578930445e-08,7.532974779291594e-05,4.361562445090844e-08,10.0,9.531339979391632e-08,6.000105683026251,Safe,0,0,1,22.033871412823014,1.3164802343615076e-07,0.812642738128769,4.361562445090844e-08,0.0,6.0381328462717105
MAR021,Auto Hall,Distribution & Commerce,Casablanca-Settat,2022,1854209389.655,831.056,566.699,11511843.78,163970115818.0,577.871,38489993543248.0,969831393801.444,AUTO,2000,1.4257127672575705e-07,0.00620849179398338,2.0,10.0,5.0,17.608692059597107,Safe,0,0,1,21.34072423711689,3.1165358304410293e-07,1.4664857358138979,1.0,1.0,6.000105683026251
MAR021,Auto Hall,Distribution & Commerce,Casablanca-Settat,2023,18.0,14.4,21.6,1176999.6,115.818,16.2,543.248,10.0,AUTO,2000,-0.4000000000000001,2.0,2.0,0.617283950617284,5.0,14.29037037037037,Safe,0,0,1,2.8903717578961645,0.8999999999999999,0.6666666666666666,1.0,-0.5,17.608692059597107
MAR021,Auto Hall,Distribution & Commerce,Casablanca-Settat,2024,6313507887.33,1975043925.85,551437811.61,70238461.59,2199347006113.73,1912923856.36,87458536.61749999,7921051255.746,AUTO,2000,0.2254857584159995,0.011125108710318575,2.0,4.140808443268904,0.01385260590123163,9.384495734156218,Safe,0,0,1,22.565957284122344,0.30298906574566437,3.58162585928517,1.0,1.0,14.29037037037037
MAR024,Stokvis Nord Afrique,Distribution & Commerce,Casablanca-Settat,2019,788873923854.0,319665509.74,237269093.6,5079426.0,-12344.0,520319994.12,11.0,1419036486947.784,SNO,2000,0.00010444814266068889,6.438831157182563e-06,-1.5647620775312322e-08,10.0,1.3943926484805211e-11,6.000134300511608,Safe,0,0,1,27.393872352697134,0.0006595730678712327,1.347269907301572,-1.5647620775312322e-08,,
MAR024,Stokvis Nord Afrique,Distribution & Commerce,Casablanca-Settat,2020,764955788873.0,341.102,264.054,79.426,641.0,524.798,57.303,1376920419026.7637,SNO,2000,1.0072216083692088e-10,1.0383083722657665e-10,8.379569242091461e-10,10.0,7.491021158807597e-11,6.000000003106398,Safe,0,0,1,27.36308387678003,6.860501059455716e-10,1.2917888007755989,8.379569242091461e-10,1.0,6.000134300511608
MAR024,Stokvis Nord Afrique,Distribution & Commerce,Casablanca-Settat,2023,488.77,333.593,444.869,79.426,-84.421,439.893,37.202,10.0,SNO,2000,-0.22766536407717333,0.16250179020807334,-0.17272132086666533,0.022732800931135527,0.07611350942160934,-0.5259230994810101,Distress,1,0,0,6.191892031178458,0.9,0.7498679386516031,-0.17272132086666533,-0.3507844266443293,6.000000003106398
MAR024,Stokvis Nord Afrique,Distribution & Commerce,Casablanca-Settat,2024,488.77,328.768,300.441,240.396,-16.638,439.893,21.265,493806788360.06396,SNO,2000,0.05795568467786484,0.491838697137713,-0.034040550770300965,10.0,0.04350717106205373,6.689294351126296,Safe,0,0,1,6.191892031178458,0.9,1.0942847347732167,-0.034040550770300965,-0.42839094672329436,-0.5259230994810101
MAR025,Maghreb Oxygène,Distribution & Commerce,Casablanca-Settat,2019,499454474810.0,194388921.89,97374368.95,28.651,19157207268.0,735056717.74,2018.0,897694952566.068,MOX,2000,0.0001942410326324652,5.736458765515971e-11,0.03835626315148681,10.0,4.040408288999067e-09,6.126808761759784,Safe,0,0,1,26.936782289359858,0.00147171915522356,1.9963048180555114,0.03835626315148681,,
MAR025,Maghreb Oxygène,Distribution & Commerce,Casablanca-Settat,2020,520999499454.0,209652465.24,100643506.77,37903949.11,2072616993.0,763789280.71,2436442509913.0,936424278311.922,MOX,2000,0.00020923044759973828,7.275237145088008e-05,0.003978155440018796,10.0,4.676477640508977,10.68995848331819,Safe,0,0,1,26.979014917958434,0.001466007705401714,2.083119636511847,0.003978155440018796,1.0,6.126808761759784
MAR025,Maghreb Oxygène,Distribution & Commerce,Casablanca-Settat,2021,546779520999.0,204194818.97,113891571.24,25.0,16993180987.0,793777230.21,25099127732310.0,982774338783.822,MOX,2000,0.00016515477310673668,4.572226837304267e-11,0.031078671263972006,10.0,5.0,11.102757800962847,Safe,0,0,1,27.027311488642393,0.0014517318219228839,1.7928878910600585,0.031078671263972006,1.0,10.68995848331819
MAR025,Maghreb Oxygène,Distribution & Commerce,Casablanca-Settat,2022,539597546779.0,194725418.16,100318224.62,17.0,1809817419.0,802328000.42,2773232947566.0,969831393801.444,MOX,2000,0.00017495852993317226,3.150496161718577e-11,0.0033540134305711307,10.0,5.0,11.011278194600912,Safe,0,0,1,27.014089414900145,0.0014869007563309124,1.941077196068903,0.0033540134305711307,-0.5,11.102757800962847
MAR025,Maghreb Oxygène,Distribution & Commerce,Casablanca-Settat,2023,522323539597.0,195036504.92,82085567.37,112105500.0,7002457.81,827866769.75,120215919.5,938692211089.05,MOX,2000,0.00021624707482482516,0.00021462846588628817,1.3406360769041279e-05,10.0,0.0002301560438818302,6.00083437337645,Safe,0,0,1,26.981553040484705,0.001584969290085495,2.376014580503228,1.3406360769041279e-05,-0.5,11.011278194600912
MAR025,Maghreb Oxygène,Distribution & Commerce,Casablanca-Settat,2024,545117522323.0,24.5,36.75,298835.03,56968420.0,843897065.01,174917051.97,979692525464.382,MOX,2000,-2.247221837191554e-11,5.482029429663618e-07,0.00010450667547289801,10.0,0.0003208795256197175,6.000666519011834,Safe,0,0,1,27.024267245653185,0.0015481011533325162,0.6666666666666666,0.00010450667547289801,0.4550240325699959,6.00083437337645
MAR027,Résidences Dar Saada,Immobilier,Casablanca-Settat,2022,127.145,101.716,75.419,819.76,29895775753.831497,114.4305,543.106,10.0,RDS,2014,0.20682685123284436,2.0,2.0,0.08738928869488467,4.271548232333163,13.972174027029507,Safe,0,0,1,4.845328167461431,0.9,1.3486787149126878,1.0,,
MAR029,Colorado,Immobilier,Casablanca-Settat,2019,573.8,459.03999999999996,75.419,37498254.56,62764622440.8,516.42,500451524557.0,10.0,COL,2006,0.6685622168002788,2.0,2.0,0.019364083497928043,5.0,15.213893110259091,Safe,0,0,1,6.352280903547264,0.9,6.086529919516302,1.0,,
MAR029,Colorado,Immobilier,Casablanca-Settat,2021,648.4,192.9,26.9,33161036.68,551494113034.1,583.56,57406446161924.4,10.0,COL,2006,0.25601480567550894,2.0,2.0,0.017136198505723493,5.0,14.717499485914043,Safe,0,0,1,6.474507789861521,0.8999999999999999,7.17100371747212,1.0,1.0,15.213893110259091
MAR029,Colorado,Immobilier,Casablanca-Settat,2022,542.0,200.0,300.0,32.0,59791551488.42,487.8,6099195740646.25,10.0,COL,2006,-0.18450184501845018,0.05904059040590406,2.0,0.02050020500205002,5.0,11.473554735547356,Safe,0,0,1,6.295266001439646,0.9,0.6666666666666666,1.0,-0.5,14.717499485914043
MAR029,Colorado,Immobilier,Casablanca-Settat,2023,546.5,169.0,43.84,20000000.0,64946597918.6,491.85,602130621.0,10.0,COL,2006,0.22902104300091491,2.0,2.0,0.02033140185015757,5.0,14.687024092711193,Safe,0,0,1,6.3035343076165935,0.9,3.8549270072992696,1.0,-0.5,11.473554735547356
MAR029,Colorado,Immobilier,Casablanca-Settat,2024,569.4,169.0,43.84,92802642.8,93.2,58.7,605.0,766.05,COL,2006,0.21981032665964173,2.0,0.16368106779065683,10.0,1.062521952932912,10.66644186863365,Safe,0,0,1,6.344583174843937,0.10309097295398666,3.8549270072992696,0.16368106779065683,-0.5,14.687024092711193
MAR030,Immorente Invest,Immobilier,Casablanca-Settat,2019,808.642,646.9136000000001,75.419,-3204488.44,62764622440.8,727.7778000000001,11.0,10.0,IMO,2019,0.7067337585730151,-2.0,2.0,0.013740457595711218,0.013603053019754105,4.669927837864798,Safe,0,0,1,6.695356297485255,0.9,8.577594505363372,1.0,,
MAR030,Immorente Invest,Immobilier,Casablanca-Settat,2021,808.642,46.595,12.979,798.0,23.401,727.7778000000001,70.104,10.0,IMO,2019,0.04157093002836854,0.9868396645239796,0.02893864033775144,0.013740457595711218,0.08669349353607653,1.6218959275756968,Distress,1,0,0,6.695356297485255,0.9,3.5900300485399494,0.02893864033775144,1.0,4.669927837864798
MAR030,Immorente Invest,Immobilier,Casablanca-Settat,2022,808.671,31.893,47.8395,7272.798,19.243,727.8039000000001,67.055,10.0,IMO,2019,-0.019719391445965045,2.0,0.023795832915981897,0.013739964844925946,0.08292000084088585,2.9460269586354233,Grey,0,1,0,6.695392159436532,0.9000000000000001,0.6666666666666666,0.023795832915981897,-0.0434925253908478,1.6218959275756968
MAR030,Immorente Invest,Immobilier,Casablanca-Settat,2023,986954.0,2.0,3.0,220935250431.0,49.381,888258.6,72.215,10.0,IMO,2019,-1.0132184478709241e-06,2.0,5.00337401743141e-05,1.1257982754121378e-05,7.316957021299878e-05,2.800243819840303,Grey,0,1,0,13.802378711453137,0.9,0.6666666666666666,5.00337401743141e-05,0.07695175602117654,2.9460269586354233
MAR030,Immorente Invest,Immobilier,Casablanca-Settat,2024,1204.39,963.5120000000002,545.358,843.949,44.593,1083.951,694.116,10.0,IMO,2019,0.3471915243401225,0.7007273391509394,0.03702538214365778,0.009225509271175542,0.5763216233944154,2.1016887940506535,Grey,0,1,0,7.093728493683704,0.8999999999999999,1.7667513816612213,0.03702538214365778,1.0,2.800243819840303
MAR031,Maroc Telecom,Telecom & Technologies,Rabat-Sale-Kenitra,2020,251.01100000000002,200.80880000000002,301.21320000000003,31.0,12018823111052.0,225.90990000000002,100.0,10.0,IAM,2004,-0.4,0.12350056372031504,2.0,0.04426543502520252,0.3983889152268227,6.717848965450385,Safe,0,0,1,5.525496762872705,0.9,0.6666666666666666,1.0,,
MAR031,Maroc Telecom,Telecom & Technologies,Rabat-Sale-Kenitra,2021,98.253,78.6024,117.90360000000001,31.0,11573120188231.0,88.4277,67.66666666666666,10.0,IAM,2004,-0.4000000000000001,0.31551199454469586,2.0,0.11308673639594832,0.6886982246513252,7.318267058851468,Safe,0,0,1,4.587545784634352,0.9,0.6666666666666666,1.0,-0.3233333333333335,6.717848965450385
MAR031,Maroc Telecom,Telecom & Technologies,Rabat-Sale-Kenitra,2022,445.195,356.156,534.234,31.0,89871157312018.0,400.6755,35.33333333333333,10.0,IAM,2004,-0.4000000000000001,0.06963240827053314,2.0,0.024957852426714385,0.07936597071695174,6.311826053751727,Safe,0,0,1,6.098512388430866,0.9,0.6666666666666666,1.0,-0.4778325123152709,7.318267058851468
MAR031,Maroc Telecom,Telecom & Technologies,Rabat-Sale-Kenitra,2023,221.112,176.8896,265.3344,10.0,11605898711573.0,199.0008,3.0,10.0,IAM,2004,-0.4000000000000001,0.04522594884040667,2.0,0.050251054267118525,0.013567784652122002,6.227034745588962,Safe,0,0,1,5.398669360474741,0.9,0.6666666666666666,1.0,-0.5,6.311826053751727
MAR031,Maroc Telecom,Telecom & Technologies,Rabat-Sale-Kenitra,2024,280.91,224.72800000000004,337.09200000000004,587065687832.0,2623119.643,252.81900000000002,910792381.4,10.0,IAM,2004,-0.39999999999999997,2.0,2.0,0.03955398921758254,5.0,13.94373239353055,Safe,0,0,1,5.638034333334139,0.9,0.6666666666666667,1.0,1.0,6.227034745588962
MAR032,HPS,Telecom & Technologies,Casablanca-Settat,2021,98.253,78.6024,117.90360000000001,58.0,5786560094180.902,88.4277,20212020.0,10.0,HPS,2000,-0.4000000000000001,0.5903127639868503,2.0,0.11308673639594832,5.0,12.014289911419159,Safe,0,0,1,4.587545784634352,0.9,0.6666666666666666,1.0,,
MAR032,HPS,Telecom & Technologies,Casablanca-Settat,2022,445.195,356.156,534.234,81.9535,44935578656052.14,400.6755,20222021.0,10.0,HPS,2000,-0.4000000000000001,0.1840845022967464,2.0,0.024957852426714385,5.0,11.392693014671472,Safe,0,0,1,6.098512388430866,0.9,0.6666666666666666,1.0,0.0004948045766826059,12.014289911419159
MAR032,HPS,Telecom & Technologies,Casablanca-Settat,2023,221.112,176.8896,265.3344,123.786,94.029,199.0008,1191.5,10.0,HPS,2000,-0.4000000000000001,0.559833930315858,0.42525507435145987,0.050251054267118525,5.0,6.73725988036229,Safe,0,0,1,5.398669360474741,0.9,0.6666666666666666,0.42525507435145987,-0.5,11.392693014671472
MAR032,HPS,Telecom & Technologies,Casablanca-Settat,2024,280.91,224.72800000000004,337.09200000000004,157876682.82,2623119.643,252.81900000000002,1267.4,10.0,HPS,2000,-0.39999999999999997,2.0,2.0,0.03955398921758254,4.51176533409277,13.45549772762332,Safe,0,0,1,5.638034333334139,0.9,0.6666666666666667,1.0,0.06370121695342013,6.73725988036229
MAR033,Disway,Telecom & Technologies,Casablanca-Settat,2021,98.253,78.6024,117.90360000000001,113.123,130.804,88.4277,10106043.833333334,10.0,DIS,2008,-0.4000000000000001,1.1513439793186977,1.3312977720782062,0.11308673639594832,5.0,10.593016260741827,Safe,0,0,1,4.587545784634352,0.9,0.6666666666666666,1.0,,
MAR033,Disway,Telecom & Technologies,Casablanca-Settat,2022,445.195,356.156,534.234,132.907,86.283,400.6755,10111028.166666666,10.0,DIS,2008,-0.4000000000000001,0.29853659632295965,0.19380945428407778,0.024957852426714385,5.0,5.592497145445629,Safe,0,0,1,6.098512388430866,0.9,0.6666666666666666,0.19380945428407778,0.0004932032173552425,10.593016260741827
MAR033,Disway,Telecom & Technologies,Casablanca-Settat,2023,221.112,176.8896,265.3344,123.786,94.029,199.0008,1191.5,10.0,DIS,2008,-0.4000000000000001,0.559833930315858,0.42525507435145987,0.050251054267118525,5.0,6.73725988036229,Safe,0,0,1,5.398669360474741,0.9,0.6666666666666666,0.42525507435145987,-0.5,5.592497145445629
MAR033,Disway,Telecom & Technologies,Casablanca-Settat,2024,280.91,224.72800000000004,337.09200000000004,114.139,76.456,252.819,55935251.42,10.0,DIS,2008,-0.39999999999999997,0.40631874977750876,0.27217258196575417,0.03955398921758254,5.0,6.010748163706051,Safe,0,0,1,5.638034333334139,0.8999999999999999,0.6666666666666667,0.27217258196575417,1.0,6.73725988036229
MAR034,M2M Group,Telecom & Technologies,Casablanca-Settat,2023,221.112,176.8896,265.3344,161231609.38,-10333150.9,199.0008,49002809.32,10.0,M2M,2016,-0.4000000000000001,2.0,-2.0,0.050251054267118525,5.0,0.7501506325602714,Distress,1,0,0,5.398669360474741,0.9,0.6666666666666666,-1.0,,
MAR034,M2M Group,Telecom & Technologies,Casablanca-Settat,2024,280.91,224.72800000000004,337.09200000000004,157876682.82,5246162.83,252.81900000000002,55935251.42,10.0,M2M,2016,-0.39999999999999997,2.0,2.0,0.03955398921758254,5.0,13.94373239353055,Safe,0,0,1,5.638034333334139,0.9,0.6666666666666667,1.0,0.14147029927875177,0.7501506325602714
MAR035,CTM,Transport & Logistique,Casablanca-Settat,2020,341158422352.0,176585264793.0,110709170322.0,454.18949999999995,-7593682913.0,307042580116.8,20587078.69,10.0,CTM,2000,0.1930953192268853,1.3313155128011962e-09,-0.02225852394511603,3.2568772696594616e-11,6.034462977073651e-05,0.15832160056653316,Distress,1,0,0,26.555612788022692,0.8999999999999999,1.5950373783797491,-0.02225852394511603,,
MAR035,CTM,Transport & Logistique,Casablanca-Settat,2021,320285341158.0,256228272926.4,384342409389.6,136667219290.0,25438.0,122293152285.0,35732588.0,376185158858.7,CTM,2000,-0.39999999999999997,0.4267045716044203,7.94229292793365e-08,3.076093402041133,0.0001115648561086433,1.9631542684226435,Grey,0,1,0,26.492478126538582,0.38182563036711553,0.6666666666666667,7.94229292793365e-08,0.7356803526163622,0.15832160056653316
MAR035,CTM,Transport & Logistique,Casablanca-Settat,2022,295251320285.0,236201056228.0,354301584342.0,19041904.0,-105814417.0,42785696.0,40483284.9,560896215719.1,CTM,2000,-0.4,6.449388264079308e-05,-0.000358387616684862,10.0,0.00013711466170895467,5.519044726962346,Safe,0,0,1,26.411092763766636,0.0001449128016047476,0.6666666666666666,-0.000358387616684862,0.13295138040379273,1.9631542684226435
MAR035,CTM,Transport & Logistique,Casablanca-Settat,2023,4836284956032.48,3869027964825.984,68147.0,10321388.0,802616765461.0,245173241883.0,40483284.9,10.0,CTM,2000,0.7999999859092255,2.134156298446754e-06,0.1659572942367397,4.0787485303033744e-11,8.37074019997595e-06,1.5076704126558016,Distress,1,0,0,29.207167970855917,0.050694540150531486,10.0,0.1659572942367397,0.0,5.519044726962346
MAR035,CTM,Transport & Logistique,Casablanca-Settat,2024,14.0,11.2,16.799999999999997,577854463482.5,76546195793325.1,12.6,40483284.9,10.0,CTM,2000,-0.39999999999999986,2.0,2.0,0.7936507936507937,5.0,14.396190476190476,Safe,0,0,1,2.6390573296152584,0.9,0.6666666666666667,1.0,0.0,1.5076704126558016
MAR036,Marsa Maroc,Transport & Logistique,Casablanca-Settat,2019,218.199,174.55920000000003,261.83880000000005,204.77,28.0,103.58,961.988,217.7761,MSA,2016,-0.4000000000000001,0.9384552633146807,0.12832322787913786,2.1024917937825838,4.408764476464145,6.927563573375403,Safe,0,0,1,5.385407490437048,0.47470428370432494,0.6666666666666666,0.12832322787913786,,
MAR036,Marsa Maroc,Transport & Logistique,Casablanca-Settat,2020,577.521,116.356,174.534,854.685,-3796841200.6525,519.7689,27571552909381.0,10.0,MSA,2016,-0.10073746236067606,1.479920210693637,-2.0,0.019239319628396388,5.0,0.3625469319153183,Distress,1,0,0,6.358744805371171,0.9000000000000001,0.6666666666666666,-1.0,1.0,6.927563573375403
MAR036,Marsa Maroc,Transport & Logistique,Casablanca-Settat,2021,78091777577521.0,20885032116356.0,11191381584523.0,559395854685.0,2018.0,26416871639696.0,2018.0,98182321281867.5,MSA,2016,0.12413151336208478,0.007163313117436632,2.584138897333653e-11,3.7166520934421046,2.584138897333653e-11,2.388977710575294,Grey,0,1,0,31.988905886534234,0.33827980946485964,1.8661710315765418,2.584138897333653e-11,-0.5,0.3625469319153183
MAR036,Marsa Maroc,Transport & Logistique,Casablanca-Settat,2022,80598527809177.0,21982362088503.0,12168591119138.0,697310559395.0,13634161129369.0,23657742641687.0,40142483662838.0,108187491818231.0,MSA,2016,0.12176116904516955,0.00865165380000407,0.16916141646717034,4.573026829178335,0.49805480018044884,3.958329290203321,Safe,0,0,1,32.020501499879494,0.2935257415333747,1.8064837476485271,0.16916141646717034,1.0,2.388977710575294
MAR036,Marsa Maroc,Transport & Logistique,Casablanca-Settat,2023,78907808059852.0,28088452198236.0,10369621216859.0,926938697310.0,802616765461.0,20319122365774.0,43637374014248.0,111318502818748.2,MSA,2016,0.2245510478245343,0.011747109951488095,0.010171575984625132,5.47850939695386,0.5530171866027354,4.159596236845839,Safe,0,0,1,31.999301300352354,0.25750458497544165,2.7087249968754503,0.010171575984625132,0.0870621354862855,3.958329290203321
MAR036,Marsa Maroc,Transport & Logistique,Casablanca-Settat,2024,82986837890780.0,32663922808845.0,11576821036962.0,1155708926938.0,76546195793325.1,15980342031912.0,40483284.9,127312342131849.2,MSA,2016,0.2541017624943849,0.013926412384323437,0.9223895950110605,7.966809588781791,4.878277800303772e-07,8.148390996964668,Safe,0,0,1,32.049703131520914,0.19256477819945284,2.8214932842579983,0.9223895950110605,-0.5,4.159596236845839
MAR037,TIMAR,Transport & Logistique,Casablanca-Settat,2020,391.067,216.276,324.414,53.694,511.695,77.7,15440.147,595.3973,TIM,2006,-0.27652039164644415,0.13730128085468732,1.30845865286511,7.662770913770913,5.0,13.77597342593824,Safe,0,0,1,5.968878900804411,0.19868718148041128,0.6666666666666667,1.0,,
MAR037,TIMAR,Transport & Logistique,Casablanca-Settat,2021,374.567,299.65360000000004,449.48040000000003,3011000.0,28.407,337.1103,336123131.73,10.0,TIM,2006,-0.39999999999999997,2.0,0.0758395694228269,0.0296638815248303,5.0,7.588068908010227,Safe,0,0,1,5.925770692162589,0.9,0.6666666666666667,0.0758395694228269,1.0,13.77597342593824
MAR037,TIMAR,Transport & Logistique,Casablanca-Settat,2023,374.567,299.65360000000004,449.48040000000003,2022.0,802616765461.0,33.0,404.0,8723112256884.013,TIM,2006,-0.39999999999999997,2.0,2.0,10.0,1.0785787322428297,15.99857873224283,Safe,0,0,1,5.925770692162589,0.08810172812874599,0.6666666666666667,1.0,-0.5,7.588068908010227
MAR038,Afriquia Gaz,Transport & Logistique,Casablanca-Settat,2019,399237372899.0,319389898319.2,479084847478.80005,397291899.61,7736958471429.5,359313635609.10004,63924936089585.0,10.0,AGZ,2000,-0.4000000000000001,0.0009951270261226467,2.0,3.2568772696594616e-11,5.0,11.121393177856113,Safe,0,0,1,26.712821996488163,0.9000000000000001,0.6666666666666666,1.0,,
MAR038,Afriquia Gaz,Transport & Logistique,Casablanca-Settat,2021,37463944385118.5,29971155508094.8,11191381584523.0,747366930.19,7334767992939.0,20243024306820.1,35732588.0,32719748148766.96,AGZ,2000,0.5012759396213373,1.994896539743078e-05,0.19578205427436335,1.616346829052777,9.537860624786153e-07,2.217448886420289,Grey,0,1,0,31.254400103320073,0.5403335030270084,2.6780567959136596,0.19578205427436335,-0.5,11.121393177856113
MAR038,Afriquia Gaz,Transport & Logistique,Casablanca-Settat,2023,4836284956032.48,3869027964825.984,5184810642503.0,874333761.73,802616765461.0,245173241883.0,95078578142654.0,8723112256884.013,AGZ,2000,-0.2720647541737157,0.0001807862377173228,0.1659572942367397,10.0,5.0,11.221434466705587,Safe,0,0,1,29.207167970855917,0.050694540150531486,0.7462235810714557,0.1659572942367397,1.0,2.217448886420289
MAR038,Afriquia Gaz,Transport & Logistique,Casablanca-Settat,2024,49559857336615.69,32380003139295.0,36814763634417.0,27.0,76546195793325.1,2907403058565.2,40483284.9,88639663128295.92,AGZ,2000,-0.08948291487202328,5.447957571107036e-13,1.5445200996729147,10.0,8.168563647194005e-07,10.989537647931318,Safe,0,0,1,31.534202294085986,0.0586644759450742,0.8795385313576731,1.0,-0.5,11.221434466705587
MAR039,Snep,Chimie & Parachimie,Casablanca-Settat,2019,12575491297954.0,478228703.57,373796966.76,100000000.0,11771591021.0,18.4,938248903.53,26408531725664.76,SNP,2000,8.30438623316377e-06,7.951975603233071e-06,0.0009360740461022948,10.0,7.460932390630739e-05,6.003184751705368,Safe,0,0,1,30.162770900570962,1.4631635109948851e-12,1.2793809102176354,0.0009360740461022948,,
MAR039,Snep,Chimie & Parachimie,Casablanca-Settat,2020,14670031257549.0,513666721.43,379536870.01,300480334.35,14670031257549.0,1946768368.43,1641041.22,30802977427279.2,SNP,2000,9.14311967474361e-06,2.0482596735802924e-05,1.0,10.0,1.1186351216228952e-07,9.300039759242551,Safe,0,0,1,30.31682783879344,0.0001327037641742051,1.3534040089872321,1.0,-0.5,6.003184751705368
MAR039,Snep,Chimie & Parachimie,Casablanca-Settat,2021,734.101,587.2808,534.09,100.0,213.074,415.0,93.501,670.1121,SNP,2000,0.07245705972338952,0.13622103770462102,0.2902516138787442,1.614727951807229,0.1273680324641977,2.331693053802928,Grey,0,1,0,6.59864662132804,0.5653173064741772,1.0995914546237524,0.2902516138787442,-0.5,9.300039759242551
MAR039,Snep,Chimie & Parachimie,Casablanca-Settat,2022,17616451734101.0,505.352,474.25,446232959.71,152.972,130.585,107.442,36994548641337.88,SNP,2000,1.765508768136001e-12,2.533046759048564e-05,8.683473965638885e-12,10.0,6.098958043407767e-12,6.0000354626915,Safe,0,0,1,30.49985433897819,7.412673219954983e-12,1.0655814443858724,8.683473965638885e-12,0.14910000962556547,2.331693053802928
MAR039,Snep,Chimie & Parachimie,Casablanca-Settat,2023,717.305,573.8439999999999,156.353,494913231.34,13.463,441.995,356.8,578.151,SNP,2000,0.5820271711475592,2.0,0.01876886401182203,1.308048733582959,0.4974174165801159,4.842616513345974,Safe,0,0,1,6.575501133692229,0.6161883717526018,3.670182215883289,0.01876886401182203,1.0,6.0000354626915
MAR039,Snep,Chimie & Parachimie,Casablanca-Settat,2024,600.0,480.0,720.0,438153639.17,-10709.0,540.0,794476633333.0,10.0,SNP,2000,-0.4,2.0,-2.0,0.018518518518518517,5.0,0.7311111111111117,Distress,1,0,0,6.396929655216146,0.9,0.6666666666666666,-1.0,1.0,4.842616513345974
MAR040,Sothema,Chimie & Parachimie,Casablanca-Settat,2020,7335227337509.5,688445771.94,409547126.33,300480334.35,14670031257549.0,1065018209.43,1809916361.81,30802977427279.2,SOT,2005,3.802181347315861e-05,4.096401113752268e-05,1.9999422761626167,10.0,0.00024674304946961786,12.600159230177866,Safe,0,0,1,29.6237095205687,0.00014519225654860226,1.6809928032196042,1.0,,
MAR040,Sothema,Chimie & Parachimie,Casablanca-Settat,2021,62.0,49.6,74.4,-828735.0,420853359692.0,55.8,93.501,10.0,SOT,2005,-0.4000000000000001,-2.0,2.0,0.17921146953405018,1.5080806451612905,4.9356075268817206,Safe,0,0,1,4.127134385045092,0.8999999999999999,0.6666666666666666,1.0,-0.5,12.600159230177866
MAR040,Sothema,Chimie & Parachimie,Casablanca-Settat,2022,423417470.0,338733976.0,474.25,-2727266.0,44828997619.9,31.0,107.442,889176621.9000001,SOT,2005,0.7999988799470178,-0.006441080477855578,2.0,10.0,2.5374956777291213e-07,13.55098139701699,Safe,0,0,1,19.863869177032523,7.321379535898696e-08,10.0,1.0,0.14910000962556547,4.9356075268817206
MAR040,Sothema,Chimie & Parachimie,Casablanca-Settat,2023,417470448.0,79.964,119.946,-2383724.0,41234738817.5,31.0,422106584.585,876687875.7,SOT,2005,-9.57720485163539e-08,-0.005709922729668281,2.0,10.0,1.0111053048358527,13.603111298087859,Safe,0,0,1,19.8497243165164,7.425675313908686e-08,0.6666666666666666,1.0,1.0,13.55098139701699
MAR040,Sothema,Chimie & Parachimie,Casablanca-Settat,2024,470448499.0,376358799.20000005,564538198.8000001,783419371.59,529783431603.0,31.0,2991627908.0,987941782.8,SOT,2005,-0.4000000000000001,1.6652606465006492,2.0,10.0,5.0,19.45136490510091,Safe,0,0,1,19.969197050849733,6.589456670792779e-08,0.6666666666666666,1.0,1.0,13.603111298087859
MAR041,Promopharm,Chimie & Parachimie,Casablanca-Settat,2020,423417470.0,338733976.0,394541998.17,300480334.35,14670031257549.0,381075723.0,905778701.515,30802977427279.2,PRP,2006,-0.1318037778885222,0.7096550228548671,2.0,10.0,2.1392095642983273,15.574562062828914,Safe,0,0,1,19.863869177032523,0.9,0.8585498567228488,1.0,,
MAR041,Promopharm,Chimie & Parachimie,Casablanca-Settat,2021,423417470.0,338733976.0,534.09,-414317.5,210426679952.537,381075723.0,93.501,340.05605,PRP,2006,0.7999987386207754,-0.000978508279311196,2.0,8.923582098668616e-07,2.208246154793755e-07,7.558629330993436,Safe,0,0,1,19.863869177032523,0.9,10.0,1.0,-0.5,15.574562062828914
MAR041,Promopharm,Chimie & Parachimie,Casablanca-Settat,2022,423417470.0,338733976.0,474.25,221752846.855,22414498886.436,80.7925,107.442,18497718908979.89,PRP,2006,0.7999988799470178,0.5237215338682175,2.0,10.0,2.5374956777291213e-07,14.293209057101492,Safe,0,0,1,19.863869177032523,1.9081050198519206e-07,10.0,1.0,0.14910000962556547,7.558629330993436
MAR041,Promopharm,Chimie & Parachimie,Casablanca-Settat,2023,423417470.0,326986710.48,355480386.73,100.0,20617369415.4815,381075723.0,844212812.37,438344226.92550004,PRP,2006,-0.06729452199976539,2.3617353341608697e-07,2.0,1.1502811658393155,1.9938072285255495,9.203222832272367,Safe,0,0,1,19.863869177032523,0.9,0.9198445897054738,1.0,1.0,14.293209057101492
MAR041,Promopharm,Chimie & Parachimie,Casablanca-Settat,2024,423417470.0,328361567.59,354188874.76,56757190.98,264891710447.0,227569236.68,971718722.43,493970896.4,PRP,2006,-0.060997263929615415,0.13404546340518259,2.0,2.1706400373201795,2.294942441628589,10.311793396072414,Safe,0,0,1,19.863869177032523,0.5374583072351738,0.9270804110165778,1.0,0.1510352700073887,9.203222832272367
MAR045,Ennakl Automobiles,Industrie (autres),Casablanca-Settat,2023,31.0,24.8,37.2,3000000.0,102002124786.0,27.9,59102122704278.0,10.0,ENA,2012,-0.4000000000000001,2.0,2.0,0.35842293906810035,5.0,14.13505376344086,Safe,0,0,1,3.4339872044851463,0.8999999999999999,0.6666666666666666,1.0,,
MAR045,Ennakl Automobiles,Industrie (autres),Casablanca-Settat,2024,31.0,24.8,37.2,39538423.1295,249799292842.0,27.9,36628158.33,10.0,ENA,2012,-0.4000000000000001,2.0,2.0,0.35842293906810035,5.0,14.13505376344086,Safe,0,0,1,3.4339872044851463,0.8999999999999999,0.6666666666666666,1.0,-0.5,14.13505376344086
MAR046,Jet Contractors,Industrie (autres),Rabat-Sale-Kenitra,2019,31.0,24.8,10.0,95.738,-268.2,10.0,711.0,33.6,JET,2014,0.4774193548387097,2.0,-2.0,3.3600000000000003,5.0,3.7889032258064517,Safe,0,0,1,3.4339872044851463,0.3225806451612903,2.48,-1.0,,
MAR046,Jet Contractors,Industrie (autres),Rabat-Sale-Kenitra,2020,3187943989.05,2395643813.22,1268272999.25,3000000.0,131976.0,186994948.07,10627970.99,4801518465.568,JET,2014,0.35363570308710274,0.0009410453917334956,4.139846887313994e-05,10.0,0.0033338010412055923,6.429150723241437,Safe,0,0,1,21.88264202841326,0.05865691138623927,1.8889023220053385,4.139846887313994e-05,1.0,3.7889032258064517
MAR046,Jet Contractors,Industrie (autres),Rabat-Sale-Kenitra,2021,31.0,24.8,37.2,3000000.0,-247.829,27.9,11.0,10.0,JET,2014,-0.4000000000000001,2.0,-2.0,0.35842293906810035,0.3548387096774194,-1.039624228895234,Distress,1,0,0,3.4339872044851463,0.8999999999999999,0.6666666666666666,-1.0,-0.5,6.429150723241437
MAR046,Jet Contractors,Industrie (autres),Rabat-Sale-Kenitra,2022,31.0,24.8,37.2,3000000.0,-161.0,27.9,904011325.605,10.0,JET,2014,-0.4000000000000001,2.0,-2.0,0.35842293906810035,5.0,0.9350537634408607,Distress,1,0,0,3.4339872044851463,0.8999999999999999,0.6666666666666666,-1.0,1.0,-1.039624228895234
MAR046,Jet Contractors,Industrie (autres),Rabat-Sale-Kenitra,2023,31.0,24.8,37.2,3000000.0,102002124786.0,27.9,1808022640.21,10.0,JET,2014,-0.4000000000000001,2.0,2.0,0.35842293906810035,5.0,14.13505376344086,Safe,0,0,1,3.4339872044851463,0.8999999999999999,0.6666666666666666,1.0,0.9999999878320109,0.9350537634408607
MAR046,Jet Contractors,Industrie (autres),Rabat-Sale-Kenitra,2024,31.0,24.8,37.2,484720453.24,249799292842.0,27.9,36628158.33,10.0,JET,2014,-0.4000000000000001,2.0,2.0,0.35842293906810035,5.0,14.13505376344086,Safe,0,0,1,3.4339872044851463,0.8999999999999999,0.6666666666666666,1.0,-0.5,14.13505376344086
MAR047,Involys,Industrie (autres),Casablanca-Settat,2021,2023.5,100.38,13.026,61.728,-247.829,162.801,69.364,14.344000000000008,INV,2006,0.04316975537435137,0.03050555967383247,-0.12247541388682975,0.08810756690683724,0.03427921917469731,-0.22251361651515136,Distress,1,0,0,7.61258396431592,0.08045515196441808,7.706126209120221,-0.12247541388682975,,
MAR049,Fenie Brossette,Industrie (autres),Casablanca-Settat,2020,544850533397.0,1399025086.0449998,813827360.42,2020.0,131976.0,31.0,0.0,2400759237.784,FBR,2000,0.001074051854141439,3.7074387858369716e-09,2.422242283166436e-07,10.0,2.1970816512088533e-12,6.001289666757534,Safe,0,0,1,27.023777343348364,5.6896337802448575e-11,1.7190686306282343,2.422242283166436e-07,,
MAR049,Fenie Brossette,Industrie (autres),Casablanca-Settat,2021,544850533397.0,320189159.34,526445.0,1500311.1505,-247.829,23247796.44,6164.0,14.344000000000008,FBR,2000,0.0005866979928366536,2.753619678310589e-06,-4.5485685487880736e-10,6.170047142756214e-07,1.1313194394009451e-08,0.0007082726739489573,Distress,1,0,0,27.023777343348364,4.2668209013316175e-05,10.0,-4.5485685487880736e-10,,6.001289666757534
MAR049,Fenie Brossette,Industrie (autres),Casablanca-Settat,2022,544850533397.0,1500514120.9650002,1542301414.94,2311150.855,-161.0,484095014.465,360260967.785,10.0,FBR,2000,-7.669496754360705e-05,4.241807088983801e-06,-2.9549388342562e-10,2.065710181099789e-08,0.0006612106361333033,0.0005751266241368235,Distress,1,0,0,27.023777343348364,0.0008884914023058667,0.972905883655287,-2.9549388342562e-10,1.0,0.0007082726739489573
MAR049,Fenie Brossette,Industrie (autres),Casablanca-Settat,2023,544850533397.0,463067593.93,304744253.32,37968940.64,102002124786.0,250126313.17,1281010927.1100001,871360651334.128,FBR,2000,0.00029058123449544144,6.968689266627606e-05,0.18721120478683123,10.0,0.002351123562499303,6.620594358490169,Safe,0,0,1,27.023777343348364,0.0004590732647548826,1.519528551843604,0.18721120478683123,1.0,0.0005751266241368235
MAR049,Fenie Brossette,Industrie (autres),Casablanca-Settat,2024,544850533397.0,521.842,383.103,37.968,249799292842.0,255.887,36628158.33,10.0,FBR,2000,2.546368067862552e-10,6.968516624785056e-11,0.4584730628500389,0.0390797500459187,6.722606675565325e-05,1.5364761839025585,Distress,1,0,0,27.023777343348364,4.696462319759729e-10,1.3621454282529764,0.4584730628500389,-0.5,6.620594358490169
MAR050,AFMA,Industrie (autres),Casablanca-Settat,2020,9234274940.0,7387419952.0,813827360.42,1183212112.0,131976.0,200927737.0,179760555.15,14453355524.8,AFM,2000,0.7118688401950484,0.12813264925378104,1.4291972120986036e-05,10.0,0.019466666989882805,7.053142147687233,Safe,0,0,1,22.946187935333455,0.02175890779790882,9.077379689210131,1.4291972120986036e-05,,
MAR050,AFMA,Industrie (autres),Casablanca-Settat,2021,1329834292.0,1063867433.6,643.685,3621283211.0,-247.829,62289701.0,6164.0,2028071345.6,AFM,2000,0.7999995159660088,2.0,-1.8636081314107066e-07,10.0,4.63516397274556e-06,9.7600034393325,Safe,0,0,1,21.008320178936582,0.04684019759057319,10.0,-1.8636081314107066e-07,-0.5,7.053142147687233
MAR050,AFMA,Industrie (autres),Casablanca-Settat,2024,119973110763.0,95978488610.4,1204.0515,2015918335.0,249799292842.0,1549521853.0,286.0,189477742256.0,AFM,2000,0.7999999859092255,0.01680308464271074,2.0,10.0,2.3838675031522405e-09,13.583524303974732,Safe,0,0,1,25.51053347764446,0.012915576191576723,10.0,1.0,-0.5,9.7600034393325
MAR051,Med Paper,Industrie (autres),Casablanca-Settat,2019,2023.5,1618.8000000000002,10.0,857.083,-268.2,1821.15,100000.0,33.6,MDP,2000,0.7950580677044725,0.423564615764764,-0.13254262416604892,0.018449880569969525,5.0,6.120739411910057,Safe,0,0,1,7.61258396431592,0.9,10.0,-0.13254262416604892,,
MAR051,Med Paper,Industrie (autres),Casablanca-Settat,2020,2023.5,1618.8000000000002,2428.2000000000003,-493848360.19,131976.0,1821.15,20192020.0,2400759237.784,MDP,2000,-0.4,-2.0,2.0,10.0,5.0,14.32,Safe,0,0,1,7.61258396431592,0.9,0.6666666666666666,1.0,1.0,6.120739411910057
MAR051,Med Paper,Industrie (autres),Casablanca-Settat,2021,2023.5,1618.8000000000002,643.685,-502410481.55,-247.829,1821.15,20202021.0,14.344000000000008,MDP,2000,0.48189523103533494,-2.0,-0.12247541388682975,0.007876341871894137,5.0,2.3788312165390004,Grey,0,1,0,7.61258396431592,0.9,2.5148947078151584,-0.12247541388682975,0.000495294675817437,14.32
MAR051,Med Paper,Industrie (autres),Casablanca-Settat,2022,2023.5,1618.8000000000002,2428.2000000000003,-34570589.92,-161.0,1821.15,20212022.0,10.0,MDP,2000,-0.4,-2.0,-0.07956510995799358,0.005491035883919501,5.0,1.4607297586689731,Distress,1,0,0,7.61258396431592,0.9,0.6666666666666666,-0.07956510995799358,0.0004950494804456529,2.3788312165390004
MAR051,Med Paper,Industrie (autres),Casablanca-Settat,2024,2023.5,1618.8000000000002,1204.0515,390.599,249799292842.0,430.259,101.768,10.0,MDP,2000,0.20496590066716094,0.1930313812700766,2.0,0.023241814813867924,0.050293056585124785,7.180441160052145,Safe,0,0,1,7.61258396431592,0.2126310847541389,1.3444607643443824,1.0,-0.5,1.4607297586689731
MAR052,Rebab Company,Industrie (autres),Casablanca-Settat,2019,11.256,9.004800000000001,10.0,476.4105,-268.2,10.1304,90.0,33.6,REB,2016,-0.08841506751954502,2.0,-2.0,3.316749585406302,5.0,3.083951670220327,Safe,0,0,1,2.420901319812088,0.9,0.9004800000000002,-1.0,,
MAR052,Rebab Company,Industrie (autres),Casablanca-Settat,2020,11.256,9.004800000000001,11.111,73.338,-340.0,10.1304,4590.0,2400759237.784,REB,2016,-0.18711798152096654,2.0,-2.0,10.0,5.0,6.975458422174841,Safe,0,0,1,2.420901319812088,0.9,0.8104401044010441,-1.0,1.0,3.083951670220327
MAR052,Rebab Company,Industrie (autres),Casablanca-Settat,2021,53.237,42.5896,63.8844,622.301,-358.0,44.272,6164.0,14.344000000000008,REB,2016,-0.4,2.0,-2.0,0.32399710878207466,5.0,0.9143982652692451,Distress,1,0,0,3.974753643329201,0.8316020812592745,0.6666666666666666,-1.0,0.3429193899782135,6.975458422174841
MAR052,Rebab Company,Industrie (autres),Casablanca-Settat,2022,46.5015,37.2012,55.8018,1622301.71,-161.0,41.85135,23561173.0,10.0,REB,2016,-0.4,2.0,-2.0,0.23894091827384303,5.0,0.8633645509643069,Distress,1,0,0,3.8394845701375466,0.8999999999999999,0.6666666666666666,-1.0,1.0,0.9143982652692451
MAR052,Rebab Company,Industrie (autres),Casablanca-Settat,2023,39.766,22.502,33.753,622.301,-227.0,17.072,164235.0,36.3104,REB,2016,-0.2829301413267616,2.0,-2.0,2.1268978444236177,5.0,2.136622537062057,Grey,0,1,0,3.6830122758358894,0.42931147211185433,0.6666666666666666,-1.0,-0.5,0.8633645509643069
MAR053,Risma,Industrie (autres),Casablanca-Settat,2020,34353250.0,27482600.0,41223900.0,-28978.0,264292.0,30917925.0,1424968503044.0,10.0,RIS,2006,-0.4,-0.0008435300881284886,0.007693362345629598,3.2343697062464573e-07,5.0,4.5442073476793805,Safe,0,0,1,17.352207186421904,0.9,0.6666666666666666,0.007693362345629598,,
MAR053,Risma,Industrie (autres),Casablanca-Settat,2021,250.23,200.184,300.276,107.723,-137.658,153.091,11.0,155.42239999999998,RIS,2006,-0.4000000000000001,0.4304959437317668,-0.5501258841865484,1.0152288508142215,0.04395955720736922,-1.039624228895234,Distress,1,0,0,5.52238049492163,0.6118011429484874,0.6666666666666666,-0.5501258841865484,-0.5,4.5442073476793805
MAR053,Risma,Industrie (autres),Casablanca-Settat,2022,23111255.0,18489004.0,27733506.0,-195209.0,-83516.0,20800129.5,360260967.785,10.0,RIS,2006,-0.4,-0.00844649068170465,-0.003613650578473562,4.807662375371268e-07,5.0,4.496250154596393,Safe,0,0,1,16.95583028627153,0.9,0.6666666666666666,-0.003613650578473562,1.0,-1.039624228895234
MAR053,Risma,Industrie (autres),Casablanca-Settat,2023,414.0,331.20000000000005,496.80000000000007,-367034.0,204004249799.0,372.6,1281010927.1100001,10.0,RIS,2006,-0.4000000000000001,-2.0,2.0,0.026838432635534083,5.0,8.33610305958132,Safe,0,0,1,6.025865973825314,0.9,0.6666666666666666,1.0,1.0,4.496250154596393
MAR053,Risma,Industrie (autres),Casablanca-Settat,2024,3809.0,3047.2000000000003,1204.0515,-198111.0,249799292842.0,3428.1,11745151263775.0,10.0,RIS,2006,0.4838930165397743,-2.0,2.0,0.002917067763484146,5.0,9.382421860505819,Safe,0,0,1,8.245121966478605,0.9,2.5307887577898454,1.0,1.0,8.33610305958132
MAR054,Microdata,Industrie (autres),Casablanca-Settat,2020,1611148619.525,17.7,26.549999999999997,69501123.15,131976.0,1818.0,656318664.54,10.0,MIC,2008,-5.49297556584765e-09,0.043137623871403234,8.191423087890504e-05,0.005500550055005501,0.40736072177717303,0.47132403560047054,Distress,1,0,0,21.200213189850203,1.1283875230181956e-06,0.6666666666666667,8.191423087890504e-05,,
MAR054,Microdata,Industrie (autres),Casablanca-Settat,2021,2023.5,17.4,14.7,78179019.31,-247.829,1818.9,541091531.85,10.0,MIC,2008,0.0013343217197924384,2.0,-0.12247541388682975,0.005497828357798669,5.0,7.400731017251892,Safe,0,0,1,7.61258396431592,0.8988880652335064,1.183673469387755,-0.12247541388682975,-0.1755658324462862,0.47132403560047054
MAR054,Microdata,Industrie (autres),Casablanca-Settat,2022,2023.5,12.0,18.0,78380248.64,-161.0,1819.8,696960762.57,10.0,MIC,2008,-0.0029651593773165306,2.0,-0.07956510995799358,0.005495109352676118,5.0,7.537174011497447,Safe,0,0,1,7.61258396431592,0.8993328391401038,0.6666666666666666,-0.07956510995799358,0.28806444297341116,7.400731017251892
MAR054,Microdata,Industrie (autres),Casablanca-Settat,2023,39.766,31.8128,47.7192,78993647.01,102002124786.0,35.7894,753999214.01,10.0,MIC,2008,-0.4000000000000001,2.0,2.0,0.27941233996658227,5.0,14.087647403979949,Safe,0,0,1,3.6830122758358894,0.9,0.6666666666666666,1.0,0.08183882723852931,7.537174011497447
MAR054,Microdata,Industrie (autres),Casablanca-Settat,2024,2916.25,16.7,25.049999999999997,79076455.66,249799292842.0,1821.6,900445777.78,10.0,MIC,2008,-0.0028632661808829824,2.0,2.0,0.005489679402722881,5.0,14.399857888224574,Safe,0,0,1,7.97805382333564,0.6246378054007715,0.6666666666666667,1.0,0.19422641436342092,14.087647403979949
MAR055,Eqdom,Industrie (autres),Casablanca-Settat,2020,1611148619.525,1288918895.6200001,813827360.42,512026751.43,131976.0,193961342.535,21002012366447.0,2400759237.784,EQD,2000,0.294877536089791,0.31780230900173323,8.191423087890504e-05,10.0,5.0,11.799046592872077,Safe,0,0,1,21.200213189850203,0.12038699607500133,1.5837743461399663,8.191423087890504e-05,,
MAR055,Eqdom,Industrie (autres),Casablanca-Settat,2021,94973269698452.0,320189159.34,526445.0,805570805570.0,-247.829,23247796.44,20579752100201.0,14.344000000000008,EQD,2000,3.3658177227651064e-06,0.008482079306395936,-2.6094605438654226e-12,6.170047142756214e-07,0.2166899398698541,0.22856926007429307,Distress,1,0,0,32.184616596341435,2.4478252158542797e-07,10.0,-2.6094605438654226e-12,-0.02010570505713094,11.799046592872077
